бронза 1030;vase_decorative;гранит;Бронза.Производсто Италия;20 см
бронза 4021;vase_decorative;гранит;Бронза.Производсто Италия;30 см
бронза 1110;vase_decorative;гранит;Бронза.Производсто Италия;20 см
бронза 6452;vase_decorative;гранит;Бронза.Производсто Италия;20 см
бронза 1155;vase_decorative;гранит;Бронза.Производсто Италия;28 см
бронза 5043;vase_decorative;гранит;Бронза.Производсто Италия;28 см
бронза 1227;vase_decorative;гранит;Бронза.Производсто Италия;18 см
бронза 60010;vase_decorative;гранит;Бронза.Производсто Италия;29 см
бронза 63140;vase_decorative;гранит;Бронза.Производсто Италия;20 см
бронза 4225;vase_decorative;гранит;Бронза.Производсто Италия;20 см
бронза 2240;vase_decorative;гранит;Бронза.Производсто Италия;20 см
бронза 2183;vase_decorative;гранит;Бронза.Производсто Италия;20 см
бронза 1270;vase_decorative;гранит;Бронза.Производсто Италия;12см
бронза 6892;vase_decorative;гранит;Бронза.Производсто Италия;29 см
бронза 5974;vase_decorative;гранит;Бронза.Производсто Италия;20 см
бронза 2244;vase_decorative;гранит;Бронза.Производсто Италия;30 см