post_title;featured_image
Дж-16;http://pavelrai.ru/wp-content/uploads/catalog_parcer/Дж-16.jpg
Дж-18;http://pavelrai.ru/wp-content/uploads/catalog_parcer/Дж-18.jpg
Дж-40;http://pavelrai.ru/wp-content/uploads/catalog_parcer/Дж-40.jpg
Дж-42;http://pavelrai.ru/wp-content/uploads/catalog_parcer/Дж-42.jpg
Дж-53;http://pavelrai.ru/wp-content/uploads/catalog_parcer/Дж-53.jpg
Дж-54;http://pavelrai.ru/wp-content/uploads/catalog_parcer/Дж-54.jpg
Дж-55;http://pavelrai.ru/wp-content/uploads/catalog_parcer/Дж-55.jpg
Дж-56;http://pavelrai.ru/wp-content/uploads/catalog_parcer/Дж-56.jpg
Дж-57;http://pavelrai.ru/wp-content/uploads/catalog_parcer/Дж-57.jpg
Дж-58;http://pavelrai.ru/wp-content/uploads/catalog_parcer/Дж-58.jpg
Дж-59;http://pavelrai.ru/wp-content/uploads/catalog_parcer/Дж-59.jpg
Дж-60;http://pavelrai.ru/wp-content/uploads/catalog_parcer/Дж-60.jpg
Дж-61;http://pavelrai.ru/wp-content/uploads/catalog_parcer/Дж-61.jpg
Дж-62;http://pavelrai.ru/wp-content/uploads/catalog_parcer/Дж-62.jpg
Дж-63;http://pavelrai.ru/wp-content/uploads/catalog_parcer/Дж-63.jpg
Дж-64;http://pavelrai.ru/wp-content/uploads/catalog_parcer/Дж-64.jpg
Дж-66;http://pavelrai.ru/wp-content/uploads/catalog_parcer/Дж-66.jpg
Дж-67;http://pavelrai.ru/wp-content/uploads/catalog_parcer/Дж-67.jpg
Дж-70;http://pavelrai.ru/wp-content/uploads/catalog_parcer/Дж-70.jpg
Дж-74;http://pavelrai.ru/wp-content/uploads/catalog_parcer/Дж-74.jpg
Дж-85;http://pavelrai.ru/wp-content/uploads/catalog_parcer/Дж-85.jpg
Дж-86;http://pavelrai.ru/wp-content/uploads/catalog_parcer/Дж-86.jpg
Дж-90;http://pavelrai.ru/wp-content/uploads/catalog_parcer/Дж-90.jpg
Дж-92;http://pavelrai.ru/wp-content/uploads/catalog_parcer/Дж-92.jpg
Дж-93;http://pavelrai.ru/wp-content/uploads/catalog_parcer/Дж-93.jpg
Дж-94;http://pavelrai.ru/wp-content/uploads/catalog_parcer/Дж-94.jpg
Дж-95;http://pavelrai.ru/wp-content/uploads/catalog_parcer/Дж-95.jpg
Дж-96;http://pavelrai.ru/wp-content/uploads/catalog_parcer/Дж-96.jpg
Дж-97;http://pavelrai.ru/wp-content/uploads/catalog_parcer/Дж-97.jpg
Ем-10;http://pavelrai.ru/wp-content/uploads/catalog_parcer/Ем-10.jpg
Ем-13;http://pavelrai.ru/wp-content/uploads/catalog_parcer/Ем-13.jpg
Ем-19;http://pavelrai.ru/wp-content/uploads/catalog_parcer/Ем-19.jpg
Ем-20;http://pavelrai.ru/wp-content/uploads/catalog_parcer/Ем-20.jpg
Ем-23;http://pavelrai.ru/wp-content/uploads/catalog_parcer/Ем-23.jpg
Ем-28;http://pavelrai.ru/wp-content/uploads/catalog_parcer/Ем-28.jpg
Ем-29;http://pavelrai.ru/wp-content/uploads/catalog_parcer/Ем-29.jpg
Ем-41;http://pavelrai.ru/wp-content/uploads/catalog_parcer/Ем-41.jpg
Ем-42;http://pavelrai.ru/wp-content/uploads/catalog_parcer/Ем-42.jpg
Ем-48;http://pavelrai.ru/wp-content/uploads/catalog_parcer/Ем-48.jpg
Ем-53;http://pavelrai.ru/wp-content/uploads/catalog_parcer/Ем-53.jpg
Ем-55;http://pavelrai.ru/wp-content/uploads/catalog_parcer/Ем-55.jpg
Ем-67;http://pavelrai.ru/wp-content/uploads/catalog_parcer/Ем-67.jpg
Ем-80;http://pavelrai.ru/wp-content/uploads/catalog_parcer/Ем-80.jpg
Ем-81;http://pavelrai.ru/wp-content/uploads/catalog_parcer/Ем-81.jpg
Ем-87;http://pavelrai.ru/wp-content/uploads/catalog_parcer/Ем-87.jpg
