Дж 18;http://pavelrai.ru/wp-content/uploads/catalog_parcer/Дж 18.jpg;черный гранит;;;;;
Дж 22;http://pavelrai.ru/wp-content/uploads/catalog_parcer/Дж 22.jpg;черный гранит;;;;;
Дж 37;http://pavelrai.ru/wp-content/uploads/catalog_parcer/Дж 37.jpg;черный гранит;;;;;
Дж 42 100;http://pavelrai.ru/wp-content/uploads/catalog_parcer/Дж 42 100.jpg;черный гранит;;;;;
Дж 54 80;http://pavelrai.ru/wp-content/uploads/catalog_parcer/Дж 54 80.jpg;черный гранит;;;;;
Дж 54 100;http://pavelrai.ru/wp-content/uploads/catalog_parcer/Дж 54 100.jpg;черный гранит;;;;;
Дж 54;http://pavelrai.ru/wp-content/uploads/catalog_parcer/Дж 54.jpg;черный гранит;;;;;
Дж 64 80;http://pavelrai.ru/wp-content/uploads/catalog_parcer/Дж 64 80.jpg;черный гранит;;;;;
Дж 67;http://pavelrai.ru/wp-content/uploads/catalog_parcer/Дж 67.jpg;черный гранит;;;;;
Дж 75;http://pavelrai.ru/wp-content/uploads/catalog_parcer/Дж 75.jpg;черный гранит;;;;;
Дж 76;http://pavelrai.ru/wp-content/uploads/catalog_parcer/Дж 76.jpg;черный гранит;;;;;
Дж 80;http://pavelrai.ru/wp-content/uploads/catalog_parcer/Дж 80.jpg;черный гранит;;;;;
Дж 85;http://pavelrai.ru/wp-content/uploads/catalog_parcer/Дж 85.jpg;черный гранит;;;;;
Дж 90;http://pavelrai.ru/wp-content/uploads/catalog_parcer/Дж 90.jpg;черный гранит;;;;;
Дж 91;http://pavelrai.ru/wp-content/uploads/catalog_parcer/Дж 91.jpg;черный гранит;;;;;
Ем 11 100 светло серый с БГП;http://pavelrai.ru/wp-content/uploads/catalog_parcer/Ем 11 100 светло серый с БГП.jpg;светло-серый гранит с Большой Гранитной плиткой;;;;;
Ем 11 100 темно серый с БГП;http://pavelrai.ru/wp-content/uploads/catalog_parcer/Ем 11 100 темно серый с БГП.jpg;темно-серый гранит с Большой гранитной плиткой;;;;;
Ем 18 80 светло серый;http://pavelrai.ru/wp-content/uploads/catalog_parcer/Ем 18 80 светло серый.jpg;светло-серый гранит с маленькой плиткой;;;;;
Ем 29 семейный;http://pavelrai.ru/wp-content/uploads/catalog_parcer/Ем 29 семейный.jpg;черный гранит;;;;;
Ем 55 кор;http://pavelrai.ru/wp-content/uploads/catalog_parcer/Ем 55 кор.jpg;коричневый гранит;;;;;
Ем 55 син;http://pavelrai.ru/wp-content/uploads/catalog_parcer/Ем 55 син.jpg;синий гранит;;;;;
Ем 57 син;http://pavelrai.ru/wp-content/uploads/catalog_parcer/Ем 57 син.jpg;синий гранит;;;;;
Ем 76;http://pavelrai.ru/wp-content/uploads/catalog_parcer/Ем 76.jpg;черный гранит;;;;;
Ем 80 кор;http://pavelrai.ru/wp-content/uploads/catalog_parcer/Ем 80 кор.jpg;коричневый гранит;;;;;
Ем 80 красн;http://pavelrai.ru/wp-content/uploads/catalog_parcer/Ем 80 красн.jpg;красный гранит;;;;;
Ем 81 красн;http://pavelrai.ru/wp-content/uploads/catalog_parcer/Ем 81 красн.jpg;красный гранит;;;;;
Ем 110;http://pavelrai.ru/wp-content/uploads/catalog_parcer/Ем 110.jpg;черный гранит;;;;;
Ме 9 эконом;http://pavelrai.ru/wp-content/uploads/catalog_parcer/Ме 9 эконом.jpg;черный гранит;;;;;
Ме 19 эконом;http://pavelrai.ru/wp-content/uploads/catalog_parcer/Ме 19 эконом.jpg;черный гранит;;;;;
Ме 30 80;http://pavelrai.ru/wp-content/uploads/catalog_parcer/Ме 30 80.jpg;черный гранит;;;;;
Ме 30 100;http://pavelrai.ru/wp-content/uploads/catalog_parcer/Ме 30 100.jpg;черный гранит;;;;;
Ме 38 100;http://pavelrai.ru/wp-content/uploads/catalog_parcer/Ме 38 100.jpg;черный гранит;;;;;
Ме 56 зел;http://pavelrai.ru/wp-content/uploads/catalog_parcer/Ме 56 зел.jpg;зелёный гранит;;;;;
Ме 65 зел;http://pavelrai.ru/wp-content/uploads/catalog_parcer/Ме 65 зел.jpg;зелёный гранит;;;;;
Ме 80 40 5 прямой;http://pavelrai.ru/wp-content/uploads/catalog_parcer/Ме 80 40 5 прямой.jpg;черный гранит;;;;;
Ме 110;http://pavelrai.ru/wp-content/uploads/catalog_parcer/Ме 110.jpg;черный гранит;;;;;
Ме 202 80 светло серый с БГП;http://pavelrai.ru/wp-content/uploads/catalog_parcer/Ме 202 80 светло серый с БГП.jpg;светло-серый гранит с Большой Гранитной плиткой;;;;;
Ме 202 80;http://pavelrai.ru/wp-content/uploads/catalog_parcer/Ме 202 80.jpg;черный гранит;;;;;
Ме 202 100;http://pavelrai.ru/wp-content/uploads/catalog_parcer/Ме 202 100.jpg;черный гранит;;;;;
Ме 225 80;http://pavelrai.ru/wp-content/uploads/catalog_parcer/Ме 225 80.jpg;черный гранит;;;;;
Ме 237 100;http://pavelrai.ru/wp-content/uploads/catalog_parcer/Ме 237 100.jpg;черный гранит;;;;;
Ме 239 100;http://pavelrai.ru/wp-content/uploads/catalog_parcer/Ме 239 100.jpg;черный гранит;;;;;
Ме 513;http://pavelrai.ru/wp-content/uploads/catalog_parcer/Ме 513.jpg;черный гранит;;;;;
Ме 514;http://pavelrai.ru/wp-content/uploads/catalog_parcer/Ме 514.jpg;черный гранит;;;;;
Ме 607 80 светло серый с БГП;http://pavelrai.ru/wp-content/uploads/catalog_parcer/Ме 607 80 светло серый с БГП.jpg;светло-серый гранит с Большой Гранитной плиткой;;;;;
Ме 611 эконом;http://pavelrai.ru/wp-content/uploads/catalog_parcer/Ме 611 эконом.jpg;черный гранит;;;;;
Ем 18 80 светло серый;http://pavelrai.ru/wp-content/uploads/catalog_parcer/Ем 18 80 светло серый.jpg;светло-серый гранит с маленькой плиткой;;;;;
Ем 19 80 светло серый;http://pavelrai.ru/wp-content/uploads/catalog_parcer/Ем 19 80 светло серый.jpg;светло-серый гранит с маленькой плиткой;;;;;
Ем 29 80 светло серый;http://pavelrai.ru/wp-content/uploads/catalog_parcer/Ем 29 80 светло серый.jpg;светло-серый гранит с маленькой плиткой;;;;;
Ем 48 80 светло серый;http://pavelrai.ru/wp-content/uploads/catalog_parcer/Ем 48 80 светло серый.jpg;светло-серый гранит с маленькой плиткой;;;;;
Ем 58 80 светло серый;http://pavelrai.ru/wp-content/uploads/catalog_parcer/Ем 58 80 светло серый.jpg;светло-серый гранит с маленькой плиткой;;;;;
Ем 18 80 светло серый с БГП;http://pavelrai.ru/wp-content/uploads/catalog_parcer/Ем 18 80 светло серый с БГП.jpg;светло-серый гранит с Большой Гранитной плиткой;;;;;
Ем 19 80 светло серый с БГП;http://pavelrai.ru/wp-content/uploads/catalog_parcer/Ем 19 80 светло серый с БГП.jpg;светло-серый гранит с Большой Гранитной плиткой;;;;;
Ме 202 80 светло серый;http://pavelrai.ru/wp-content/uploads/catalog_parcer/Ме 202 80 светло серый.jpg;светло-серый гранит с маленькой плиткой;;;;;
Ме 607 80 светло серый;http://pavelrai.ru/wp-content/uploads/catalog_parcer/Ме 607 80 светло серый.jpg;светло-серый гранит с маленькой плиткой;;;;;
Ме 608 80 светло серый;http://pavelrai.ru/wp-content/uploads/catalog_parcer/Ме 608 80 светло серый.jpg;светло-серый гранит с маленькой плиткой;;;;;
Ме 202 80 светло серый с БГП;http://pavelrai.ru/wp-content/uploads/catalog_parcer/Ме 202 80 светло серый с БГП.jpg;светло-серый гранит с Большой Гранитной плиткой;;;;;
Ме 607 80 светло серый с БГП;http://pavelrai.ru/wp-content/uploads/catalog_parcer/Ме 607 80 светло серый с БГП.jpg;светло-серый гранит с Большой Гранитной плиткой;;;;;
Ме 608 80 светло серый с БГП;http://pavelrai.ru/wp-content/uploads/catalog_parcer/Ме 608 80 светло серый с БГП.jpg;светло-серый гранит с Большой Гранитной плиткой;;;;;
Ем 13 80 темно серый;http://pavelrai.ru/wp-content/uploads/catalog_parcer/Ем 13 80 темно серый.jpg;темно-серый гранит ;;;;;
Ем 18 80 темно серый;http://pavelrai.ru/wp-content/uploads/catalog_parcer/Ем 18 80 темно серый.jpg;темно-серый гранит ;;;;;
Ем 19 80 темно серый;http://pavelrai.ru/wp-content/uploads/catalog_parcer/Ем 19 80 темно серый.jpg;темно-серый гранит ;;;;;
Ем 41 80 темно серый;http://pavelrai.ru/wp-content/uploads/catalog_parcer/Ем 41 80 темно серый.jpg;темно-серый гранит ;;;;;
Ем 48 80 темно серый;http://pavelrai.ru/wp-content/uploads/catalog_parcer/Ем 48 80 темно серый.jpg;темно-серый гранит ;;;;;
Ем 20 80 темно серый;http://pavelrai.ru/wp-content/uploads/catalog_parcer/Ем 20 80 темно серый.jpg;темно-серый гранит ;;;;;
Ем 23 80 темно серый;http://pavelrai.ru/wp-content/uploads/catalog_parcer/Ем 23 80 темно серый.jpg;темно-серый гранит ;;;;;
Ем 29 80 темно серый;http://pavelrai.ru/wp-content/uploads/catalog_parcer/Ем 29 80 темно серый.jpg;темно-серый гранит ;;;;;
Ем 39 80 темно серый;http://pavelrai.ru/wp-content/uploads/catalog_parcer/Ем 39 80 темно серый.jpg;темно-серый гранит ;;;;;
Ем 42 80 темно серый;http://pavelrai.ru/wp-content/uploads/catalog_parcer/Ем 42 80 темно серый.jpg;темно-серый гранит ;;;;;
Ем 55 80 темно серый;http://pavelrai.ru/wp-content/uploads/catalog_parcer/Ем 55 80 темно серый.jpg;темно-серый гранит ;;;;;
Ем 56 80 темно серый;http://pavelrai.ru/wp-content/uploads/catalog_parcer/Ем 56 80 темно серый.jpg;темно-серый гранит ;;;;;
Ем 57 80 темно серый;http://pavelrai.ru/wp-content/uploads/catalog_parcer/Ем 57 80 темно серый.jpg;темно-серый гранит ;;;;;
Ем 58 80 темно серый;http://pavelrai.ru/wp-content/uploads/catalog_parcer/Ем 58 80 темно серый.jpg;темно-серый гранит ;;;;;
Ем 10 80;http://pavelrai.ru/wp-content/uploads/catalog_parcer/Ем 10 80.jpg;черный гранит;;;;;
Ем 13 80;http://pavelrai.ru/wp-content/uploads/catalog_parcer/Ем 13 80.jpg;черный гранит;;;;;
Ем 19 80;http://pavelrai.ru/wp-content/uploads/catalog_parcer/Ем 19 80.jpg;черный гранит;;;;;
Ем 20 80;http://pavelrai.ru/wp-content/uploads/catalog_parcer/Ем 20 80.jpg;черный гранит;;;;;
Ем 28 80;http://pavelrai.ru/wp-content/uploads/catalog_parcer/Ем 28 80.jpg;черный гранит;;;;;
Ем 29 80;http://pavelrai.ru/wp-content/uploads/catalog_parcer/Ем 29 80.jpg;черный гранит;;;;;
Ем 42 80;http://pavelrai.ru/wp-content/uploads/catalog_parcer/Ем 42 80.jpg;черный гранит;;;;;
Ем 48 80;http://pavelrai.ru/wp-content/uploads/catalog_parcer/Ем 48 80.jpg;черный гранит;;;;;
Ем 55 80;http://pavelrai.ru/wp-content/uploads/catalog_parcer/Ем 55 80.jpg;черный гранит;;;;;
Ме 80 40 5 прямой;http://pavelrai.ru/wp-content/uploads/catalog_parcer/Ме 80 40 5 прямой.jpg;черный гранит;;;;;
Ме 30 80;http://pavelrai.ru/wp-content/uploads/catalog_parcer/Ме 30 80.jpg;черный гранит;;;;;
Ме 38 80;http://pavelrai.ru/wp-content/uploads/catalog_parcer/Ме 38 80.jpg;черный гранит;;;;;
Ме 46 80;http://pavelrai.ru/wp-content/uploads/catalog_parcer/Ме 46 80.jpg;черный гранит;;;;;
Ме 202 80;http://pavelrai.ru/wp-content/uploads/catalog_parcer/Ме 202 80.jpg;черный гранит;;;;;
Ме 223 80;http://pavelrai.ru/wp-content/uploads/catalog_parcer/Ме 223 80.jpg;черный гранит;;;;;
Ме 225 80;http://pavelrai.ru/wp-content/uploads/catalog_parcer/Ме 225 80.jpg;черный гранит;;;;;
Ме 501 80;http://pavelrai.ru/wp-content/uploads/catalog_parcer/Ме 501 80.jpg;черный гранит;;;;;
Ме 607 80;http://pavelrai.ru/wp-content/uploads/catalog_parcer/Ме 607 80.jpg;черный гранит;;;;;
Ме 608 80;http://pavelrai.ru/wp-content/uploads/catalog_parcer/Ме 608 80.jpg;черный гранит;;;;;
Ме 705 80;http://pavelrai.ru/wp-content/uploads/catalog_parcer/Ме 705 80.jpg;черный гранит;;;;;
Ем 112 80;http://pavelrai.ru/wp-content/uploads/catalog_parcer/Ем 112 80.jpg;черный гранит;;;;;
Дж 42 80;http://pavelrai.ru/wp-content/uploads/catalog_parcer/Дж 42 80.jpg;черный гранит;;;;;
Дж 53 80;http://pavelrai.ru/wp-content/uploads/catalog_parcer/Дж 53 80.jpg;черный гранит;;;;;
Дж 54 80;http://pavelrai.ru/wp-content/uploads/catalog_parcer/Дж 54 80.jpg;черный гранит;;;;;
Дж 55 80;http://pavelrai.ru/wp-content/uploads/catalog_parcer/Дж 55 80.jpg;черный гранит;;;;;
Дж 56 80;http://pavelrai.ru/wp-content/uploads/catalog_parcer/Дж 56 80.jpg;черный гранит;;;;;
Дж 57 80;http://pavelrai.ru/wp-content/uploads/catalog_parcer/Дж 57 80.jpg;черный гранит;;;;;
Дж 58 80;http://pavelrai.ru/wp-content/uploads/catalog_parcer/Дж 58 80.jpg;черный гранит;;;;;
Дж 59 80;http://pavelrai.ru/wp-content/uploads/catalog_parcer/Дж 59 80.jpg;черный гранит;;;;;
Дж 60 80;http://pavelrai.ru/wp-content/uploads/catalog_parcer/Дж 60 80.jpg;черный гранит;;;;;
Дж 61 80;http://pavelrai.ru/wp-content/uploads/catalog_parcer/Дж 61 80.jpg;черный гранит;;;;;
Дж 62 80;http://pavelrai.ru/wp-content/uploads/catalog_parcer/Дж 62 80.jpg;черный гранит;;;;;
Дж 63 80;http://pavelrai.ru/wp-content/uploads/catalog_parcer/Дж 63 80.jpg;черный гранит;;;;;
Дж 64 80;http://pavelrai.ru/wp-content/uploads/catalog_parcer/Дж 64 80.jpg;черный гранит;;;;;
Дж 66 80;http://pavelrai.ru/wp-content/uploads/catalog_parcer/Дж 66 80.jpg;черный гранит;;;;;
Дж 70 80;http://pavelrai.ru/wp-content/uploads/catalog_parcer/Дж 70 80.jpg;черный гранит;;;;;
Дж 74 80;http://pavelrai.ru/wp-content/uploads/catalog_parcer/Дж 74 80.jpg;черный гранит;;;;;
Дж 86 80;http://pavelrai.ru/wp-content/uploads/catalog_parcer/Дж 86 80.jpg;черный гранит;;;;;
Дж 89 80;http://pavelrai.ru/wp-content/uploads/catalog_parcer/Дж 89 80.jpg;черный гранит;;;;;
Ем 11 100 светло серый с БГП;http://pavelrai.ru/wp-content/uploads/catalog_parcer/Ем 11 100 светло серый с БГП.jpg;светло-серый гранит с Большой Гранитной плиткой;;;;;
Ем 18 100 светло серый с БГП;http://pavelrai.ru/wp-content/uploads/catalog_parcer/Ем 18 100 светло серый с БГП.jpg;светло-серый гранит с Большой Гранитной плиткой;;;;;
Ем 19 100 светло серый с БГП;http://pavelrai.ru/wp-content/uploads/catalog_parcer/Ем 19 100 светло серый с БГП.jpg;светло-серый гранит с Большой Гранитной плиткой;;;;;
Ем 21 100 светло серый с БГП;http://pavelrai.ru/wp-content/uploads/catalog_parcer/Ем 21 100 светло серый с БГП.jpg;светло-серый гранит с Большой Гранитной плиткой;;;;;
Ем 48 100 светло серый с БГП;http://pavelrai.ru/wp-content/uploads/catalog_parcer/Ем 48 100 светло серый с БГП.jpg;светло-серый гранит с Большой Гранитной плиткой;;;;;
Ем 15 100 светло серый с БГП;http://pavelrai.ru/wp-content/uploads/catalog_parcer/Ем 15 100 светло серый с БГП.jpg;светло-серый гранит с Большой Гранитной плиткой;;;;;
Ем 23 100 светло серый с БГП;http://pavelrai.ru/wp-content/uploads/catalog_parcer/Ем 23 100 светло серый с БГП.jpg;светло-серый гранит с Большой Гранитной плиткой;;;;;
Ем 29 100 светло серый с БГП;http://pavelrai.ru/wp-content/uploads/catalog_parcer/Ем 29 100 светло серый с БГП.jpg;светло-серый гранит с Большой Гранитной плиткой;;;;;
Ем 39 100 светло серый с БГП;http://pavelrai.ru/wp-content/uploads/catalog_parcer/Ем 39 100 светло серый с БГП.jpg;светло-серый гранит с Большой Гранитной плиткой;;;;;
Ем 42 100 светло серый с БГП;http://pavelrai.ru/wp-content/uploads/catalog_parcer/Ем 42 100 светло серый с БГП.jpg;светло-серый гранит с Большой Гранитной плиткой;;;;;
Ем 41 100 светло серый с БГП;http://pavelrai.ru/wp-content/uploads/catalog_parcer/Ем 41 100 светло серый с БГП.jpg;светло-серый гранит с Большой Гранитной плиткой;;;;;
Ем 11 100 темно серый;http://pavelrai.ru/wp-content/uploads/catalog_parcer/Ем 11 100 темно серый.jpg;темно-серый гранит ;;;;;
Ем 15 100 темно серый;http://pavelrai.ru/wp-content/uploads/catalog_parcer/Ем 15 100 темно серый.jpg;темно-серый гранит ;;;;;
Ем 21 100 темно серый;http://pavelrai.ru/wp-content/uploads/catalog_parcer/Ем 21 100 темно серый.jpg;темно-серый гранит ;;;;;
Ем 20 100 темно серый;http://pavelrai.ru/wp-content/uploads/catalog_parcer/Ем 20 100 темно серый.jpg;темно-серый гранит ;;;;;
Ем 23 100 темно серый;http://pavelrai.ru/wp-content/uploads/catalog_parcer/Ем 23 100 темно серый.jpg;темно-серый гранит ;;;;;
Ем 29 100 темно серый;http://pavelrai.ru/wp-content/uploads/catalog_parcer/Ем 29 100 темно серый.jpg;темно-серый гранит ;;;;;
Ем 41 100 темно серый;http://pavelrai.ru/wp-content/uploads/catalog_parcer/Ем 41 100 темно серый.jpg;темно-серый гранит ;;;;;
Ем 56 100 темно серый;http://pavelrai.ru/wp-content/uploads/catalog_parcer/Ем 56 100 темно серый.jpg;темно-серый гранит ;;;;;
Ем 57 100 темно серый;http://pavelrai.ru/wp-content/uploads/catalog_parcer/Ем 57 100 темно серый.jpg;темно-серый гранит ;;;;;
Ем 58 100 темно серый;http://pavelrai.ru/wp-content/uploads/catalog_parcer/Ем 58 100 темно серый.jpg;темно-серый гранит ;;;;;
Ем 11 100 темно серый с БГП;http://pavelrai.ru/wp-content/uploads/catalog_parcer/Ем 11 100 темно серый с БГП.jpg;темно-серый гранит с Большой гранитной плиткой;;;;;
Ем 15 100 темно серый с БГП;http://pavelrai.ru/wp-content/uploads/catalog_parcer/Ем 15 100 темно серый с БГП.jpg;темно-серый гранит с Большой гранитной плиткой;;;;;
Ем 18 100 темно серый с БГП;http://pavelrai.ru/wp-content/uploads/catalog_parcer/Ем 18 100 темно серый с БГП.jpg;темно-серый гранит с Большой гранитной плиткой;;;;;
Ем 19 100 темно серый с БГП;http://pavelrai.ru/wp-content/uploads/catalog_parcer/Ем 19 100 темно серый с БГП.jpg;темно-серый гранит с Большой гранитной плиткой;;;;;
Ем 23 100 темно серый с БГП;http://pavelrai.ru/wp-content/uploads/catalog_parcer/Ем 23 100 темно серый с БГП.jpg;темно-серый гранит с Большой гранитной плиткой;;;;;
Ем 29 100 темно серый с БГП;http://pavelrai.ru/wp-content/uploads/catalog_parcer/Ем 29 100 темно серый с БГП.jpg;темно-серый гранит с Большой гранитной плиткой;;;;;
Ем 56 100 темно серый с БГП;http://pavelrai.ru/wp-content/uploads/catalog_parcer/Ем 56 100 темно серый с БГП.jpg;темно-серый гранит с Большой гранитной плиткой;;;;;
Ем 57 100 темно серый с БГП;http://pavelrai.ru/wp-content/uploads/catalog_parcer/Ем 57 100 темно серый с БГП.jpg;темно-серый гранит с Большой гранитной плиткой;;;;;
Ем 58 100 темно серый с БГП;http://pavelrai.ru/wp-content/uploads/catalog_parcer/Ем 58 100 темно серый с БГП.jpg;темно-серый гранит с Большой гранитной плиткой;;;;;
Ме 100 45 5 прямой;http://pavelrai.ru/wp-content/uploads/catalog_parcer/Ме 100 45 5 прямой.jpg;черный гранит;;;;;
Ем 13 100;http://pavelrai.ru/wp-content/uploads/catalog_parcer/Ем 13 100.jpg;черный гранит;;;;;
Ем 19 100;http://pavelrai.ru/wp-content/uploads/catalog_parcer/Ем 19 100.jpg;черный гранит;;;;;
Ем 41 100;http://pavelrai.ru/wp-content/uploads/catalog_parcer/Ем 41 100.jpg;черный гранит;;;;;
Ем 48 100;http://pavelrai.ru/wp-content/uploads/catalog_parcer/Ем 48 100.jpg;черный гранит;;;;;
Ем 55 100;http://pavelrai.ru/wp-content/uploads/catalog_parcer/Ем 55 100.jpg;черный гранит;;;;;
Дж 40 100;http://pavelrai.ru/wp-content/uploads/catalog_parcer/Дж 40 100.jpg;черный гранит;;;;;
Дж 42 100;http://pavelrai.ru/wp-content/uploads/catalog_parcer/Дж 42 100.jpg;черный гранит;;;;;
Дж 53 100;http://pavelrai.ru/wp-content/uploads/catalog_parcer/Дж 53 100.jpg;черный гранит;;;;;
Дж 54 100;http://pavelrai.ru/wp-content/uploads/catalog_parcer/Дж 54 100.jpg;черный гранит;;;;;
Дж 55 100;http://pavelrai.ru/wp-content/uploads/catalog_parcer/Дж 55 100.jpg;черный гранит;;;;;
Дж 56 100;http://pavelrai.ru/wp-content/uploads/catalog_parcer/Дж 56 100.jpg;черный гранит;;;;;
Дж 57 100;http://pavelrai.ru/wp-content/uploads/catalog_parcer/Дж 57 100.jpg;черный гранит;;;;;
Дж 58 100;http://pavelrai.ru/wp-content/uploads/catalog_parcer/Дж 58 100.jpg;черный гранит;;;;;
Дж 59 100;http://pavelrai.ru/wp-content/uploads/catalog_parcer/Дж 59 100.jpg;черный гранит;;;;;
Дж 60 100;http://pavelrai.ru/wp-content/uploads/catalog_parcer/Дж 60 100.jpg;черный гранит;;;;;
Дж 61 100;http://pavelrai.ru/wp-content/uploads/catalog_parcer/Дж 61 100.jpg;черный гранит;;;;;
Дж 62 100;http://pavelrai.ru/wp-content/uploads/catalog_parcer/Дж 62 100.jpg;черный гранит;;;;;
Дж 63 100;http://pavelrai.ru/wp-content/uploads/catalog_parcer/Дж 63 100.jpg;черный гранит;;;;;
Дж 64 100;http://pavelrai.ru/wp-content/uploads/catalog_parcer/Дж 64 100.jpg;черный гранит;;;;;
Дж 66 100;http://pavelrai.ru/wp-content/uploads/catalog_parcer/Дж 66 100.jpg;черный гранит;;;;;
Дж 67 100;http://pavelrai.ru/wp-content/uploads/catalog_parcer/Дж 67 100.jpg;черный гранит;;;;;
Дж 70 100;http://pavelrai.ru/wp-content/uploads/catalog_parcer/Дж 70 100.jpg;черный гранит;;;;;
Дж 74 100;http://pavelrai.ru/wp-content/uploads/catalog_parcer/Дж 74 100.jpg;черный гранит;;;;;
Дж 86 100;http://pavelrai.ru/wp-content/uploads/catalog_parcer/Дж 86 100.jpg;черный гранит;;;;;
Дж 89 100;http://pavelrai.ru/wp-content/uploads/catalog_parcer/Дж 89 100.jpg;черный гранит;;;;;
Ме 26 100;http://pavelrai.ru/wp-content/uploads/catalog_parcer/Ме 26 100.jpg;черный гранит;;;;;
Ме 30 100;http://pavelrai.ru/wp-content/uploads/catalog_parcer/Ме 30 100.jpg;черный гранит;;;;;
Ме 38 100;http://pavelrai.ru/wp-content/uploads/catalog_parcer/Ме 38 100.jpg;черный гранит;;;;;
Ме 46 100;http://pavelrai.ru/wp-content/uploads/catalog_parcer/Ме 46 100.jpg;черный гранит;;;;;
Ме 51 100;http://pavelrai.ru/wp-content/uploads/catalog_parcer/Ме 51 100.jpg;черный гранит;;;;;
Ме 202 100;http://pavelrai.ru/wp-content/uploads/catalog_parcer/Ме 202 100.jpg;черный гранит;;;;;
Ме 223 100;http://pavelrai.ru/wp-content/uploads/catalog_parcer/Ме 223 100.jpg;черный гранит;;;;;
Ме 225 100;http://pavelrai.ru/wp-content/uploads/catalog_parcer/Ме 225 100.jpg;черный гранит;;;;;
Ме 236 100;http://pavelrai.ru/wp-content/uploads/catalog_parcer/Ме 236 100.jpg;черный гранит;;;;;
Ме 237 100;http://pavelrai.ru/wp-content/uploads/catalog_parcer/Ме 237 100.jpg;черный гранит;;;;;
Ме 239 100;http://pavelrai.ru/wp-content/uploads/catalog_parcer/Ме 239 100.jpg;черный гранит;;;;;
Ме 501 100;http://pavelrai.ru/wp-content/uploads/catalog_parcer/Ме 501 100.jpg;черный гранит;;;;;
Ме 502 100;http://pavelrai.ru/wp-content/uploads/catalog_parcer/Ме 502 100.jpg;черный гранит;;;;;
Ме 513 100;http://pavelrai.ru/wp-content/uploads/catalog_parcer/Ме 513 100.jpg;черный гранит;;;;;
Ме 514 100;http://pavelrai.ru/wp-content/uploads/catalog_parcer/Ме 514 100.jpg;черный гранит;;;;;
Ме 603 100;http://pavelrai.ru/wp-content/uploads/catalog_parcer/Ме 603 100.jpg;черный гранит;;;;;
Ме 607 100;http://pavelrai.ru/wp-content/uploads/catalog_parcer/Ме 607 100.jpg;черный гранит;;;;;
Ме 608 100;http://pavelrai.ru/wp-content/uploads/catalog_parcer/Ме 608 100.jpg;черный гранит;;;;;
Ме 100 45 7 прямой;http://pavelrai.ru/wp-content/uploads/catalog_parcer/Ме 100 45 7 прямой.jpg;черный гранит;;;;;
Ме 24;http://pavelrai.ru/wp-content/uploads/catalog_parcer/Ме 24.jpg;черный гранит;;;;;
Ме 25;http://pavelrai.ru/wp-content/uploads/catalog_parcer/Ме 25.jpg;черный гранит;;;;;
Ме 29;http://pavelrai.ru/wp-content/uploads/catalog_parcer/Ме 29.jpg;черный гранит;;;;;
Ме 30;http://pavelrai.ru/wp-content/uploads/catalog_parcer/Ме 30.jpg;черный гранит;;;;;
Ме 31;http://pavelrai.ru/wp-content/uploads/catalog_parcer/Ме 31.jpg;черный гранит;;;;;
Ме 31 ВН;http://pavelrai.ru/wp-content/uploads/catalog_parcer/Ме 31 ВН.jpg;черный гранит;;;;;
Ме 37;http://pavelrai.ru/wp-content/uploads/catalog_parcer/Ме 37.jpg;черный гранит;;;;;
Ме 38 ВН;http://pavelrai.ru/wp-content/uploads/catalog_parcer/Ме 38 ВН.jpg;черный гранит;;;;;
Ме 42;http://pavelrai.ru/wp-content/uploads/catalog_parcer/Ме 42.jpg;черный гранит;;;;;
Ме 46;http://pavelrai.ru/wp-content/uploads/catalog_parcer/Ме 46.jpg;черный гранит;;;;;
Ме 51;http://pavelrai.ru/wp-content/uploads/catalog_parcer/Ме 51.jpg;черный гранит;;;;;
Ме 52;http://pavelrai.ru/wp-content/uploads/catalog_parcer/Ме 52.jpg;черный гранит;;;;;
Ме 56;http://pavelrai.ru/wp-content/uploads/catalog_parcer/Ме 56.jpg;черный гранит;;;;;
Ме 61;http://pavelrai.ru/wp-content/uploads/catalog_parcer/Ме 61.jpg;черный гранит;;;;;
Ме 65;http://pavelrai.ru/wp-content/uploads/catalog_parcer/Ме 65.jpg;черный гранит;;;;;
Ме 66;http://pavelrai.ru/wp-content/uploads/catalog_parcer/Ме 66.jpg;черный гранит;;;;;
Ме 89 ВН;http://pavelrai.ru/wp-content/uploads/catalog_parcer/Ме 89 ВН.jpg;черный гранит;;;;;
Ме 106;http://pavelrai.ru/wp-content/uploads/catalog_parcer/Ме 106.jpg;черный гранит;;;;;
Ме 124;http://pavelrai.ru/wp-content/uploads/catalog_parcer/Ме 124.jpg;черный гранит;;;;;
Ме 125;http://pavelrai.ru/wp-content/uploads/catalog_parcer/Ме 125.jpg;черный гранит;;;;;
Ме 130;http://pavelrai.ru/wp-content/uploads/catalog_parcer/Ме 130.jpg;черный гранит;;;;;
Ме 132;http://pavelrai.ru/wp-content/uploads/catalog_parcer/Ме 132.jpg;черный гранит;;;;;
Ме 133 1;http://pavelrai.ru/wp-content/uploads/catalog_parcer/Ме 133 1.jpg;черный гранит;;;;;
Ме 133 2;http://pavelrai.ru/wp-content/uploads/catalog_parcer/Ме 133 2.jpg;черный гранит;;;;;
Ме 202;http://pavelrai.ru/wp-content/uploads/catalog_parcer/Ме 202.jpg;черный гранит;;;;;
Ме 206;http://pavelrai.ru/wp-content/uploads/catalog_parcer/Ме 206.jpg;черный гранит;;;;;
Ме 206 ВН;http://pavelrai.ru/wp-content/uploads/catalog_parcer/Ме 206 ВН.jpg;черный гранит;;;;;
Ме 207;http://pavelrai.ru/wp-content/uploads/catalog_parcer/Ме 207.jpg;черный гранит;;;;;
Ме 207 ВН;http://pavelrai.ru/wp-content/uploads/catalog_parcer/Ме 207 ВН.jpg;черный гранит;;;;;
Ме 218;http://pavelrai.ru/wp-content/uploads/catalog_parcer/Ме 218.jpg;черный гранит;;;;;
Ме 218 ВН;http://pavelrai.ru/wp-content/uploads/catalog_parcer/Ме 218 ВН.jpg;черный гранит;;;;;
Ме 220;http://pavelrai.ru/wp-content/uploads/catalog_parcer/Ме 220.jpg;черный гранит;;;;;
Ме 225;http://pavelrai.ru/wp-content/uploads/catalog_parcer/Ме 225.jpg;черный гранит;;;;;
Ме 228;http://pavelrai.ru/wp-content/uploads/catalog_parcer/Ме 228.jpg;черный гранит;;;;;
Ме 228 ВН;http://pavelrai.ru/wp-content/uploads/catalog_parcer/Ме 228 ВН.jpg;черный гранит;;;;;
Ме 230;http://pavelrai.ru/wp-content/uploads/catalog_parcer/Ме 230.jpg;черный гранит;;;;;
Ме 231 ВН;http://pavelrai.ru/wp-content/uploads/catalog_parcer/Ме 231 ВН.jpg;черный гранит;;;;;
Ме 232 ВН;http://pavelrai.ru/wp-content/uploads/catalog_parcer/Ме 232 ВН.jpg;черный гранит;;;;;
Ме 233;http://pavelrai.ru/wp-content/uploads/catalog_parcer/Ме 233.jpg;черный гранит;;;;;
Ме 234 ВН;http://pavelrai.ru/wp-content/uploads/catalog_parcer/Ме 234 ВН.jpg;черный гранит;;;;;
Ме 235;http://pavelrai.ru/wp-content/uploads/catalog_parcer/Ме 235.jpg;черный гранит;;;;;
Ме 236;http://pavelrai.ru/wp-content/uploads/catalog_parcer/Ме 236.jpg;черный гранит;;;;;
Ме 237;http://pavelrai.ru/wp-content/uploads/catalog_parcer/Ме 237.jpg;черный гранит;;;;;
Ме 239;http://pavelrai.ru/wp-content/uploads/catalog_parcer/Ме 239.jpg;черный гранит;;;;;
Ме 240;http://pavelrai.ru/wp-content/uploads/catalog_parcer/Ме 240.jpg;черный гранит;;;;;
Ме 241;http://pavelrai.ru/wp-content/uploads/catalog_parcer/Ме 241.jpg;черный гранит;;;;;
Ме 242 ВН;http://pavelrai.ru/wp-content/uploads/catalog_parcer/Ме 242 ВН.jpg;черный гранит;;;;;
Ме 246;http://pavelrai.ru/wp-content/uploads/catalog_parcer/Ме 246.jpg;черный гранит;;;;;
Ме 247 ВН;http://pavelrai.ru/wp-content/uploads/catalog_parcer/Ме 247 ВН.jpg;черный гранит;;;;;
Ме 248;http://pavelrai.ru/wp-content/uploads/catalog_parcer/Ме 248.jpg;черный гранит;;;;;
Ме 248 ВН;http://pavelrai.ru/wp-content/uploads/catalog_parcer/Ме 248 ВН.jpg;черный гранит;;;;;
Ме 251;http://pavelrai.ru/wp-content/uploads/catalog_parcer/Ме 251.jpg;черный гранит;;;;;
Ме 253;http://pavelrai.ru/wp-content/uploads/catalog_parcer/Ме 253.jpg;черный гранит;;;;;
Ме 502;http://pavelrai.ru/wp-content/uploads/catalog_parcer/Ме 502.jpg;черный гранит;;;;;
Ме 502 ВН;http://pavelrai.ru/wp-content/uploads/catalog_parcer/Ме 502 ВН.jpg;черный гранит;;;;;
Ме 503;http://pavelrai.ru/wp-content/uploads/catalog_parcer/Ме 503.jpg;черный гранит;;;;;
Ме 505;http://pavelrai.ru/wp-content/uploads/catalog_parcer/Ме 505.jpg;черный гранит;;;;;
Ме 506;http://pavelrai.ru/wp-content/uploads/catalog_parcer/Ме 506.jpg;черный гранит;;;;;
Ме 507;http://pavelrai.ru/wp-content/uploads/catalog_parcer/Ме 507.jpg;черный гранит;;;;;
Ме 510;http://pavelrai.ru/wp-content/uploads/catalog_parcer/Ме 510.jpg;черный гранит;;;;;
Ме 511;http://pavelrai.ru/wp-content/uploads/catalog_parcer/Ме 511.jpg;черный гранит;;;;;
Ме 512;http://pavelrai.ru/wp-content/uploads/catalog_parcer/Ме 512.jpg;черный гранит;;;;;
Ме 513;http://pavelrai.ru/wp-content/uploads/catalog_parcer/Ме 513.jpg;черный гранит;;;;;
Ме 513 ВН;http://pavelrai.ru/wp-content/uploads/catalog_parcer/Ме 513 ВН.jpg;черный гранит;;;;;
Ме 514;http://pavelrai.ru/wp-content/uploads/catalog_parcer/Ме 514.jpg;черный гранит;;;;;pr_black
Ме 515;http://pavelrai.ru/wp-content/uploads/catalog_parcer/Ме 515.jpg;черный гранит;;;;;family_gray
Ме 600;http://pavelrai.ru/wp-content/uploads/catalog_parcer/Ме 600.jpg;черный гранит;;;;;family_dgray
Ме 602;http://pavelrai.ru/wp-content/uploads/catalog_parcer/Ме 602.jpg;черный гранит;;;;;family_black
Ме 602 ВН;http://pavelrai.ru/wp-content/uploads/catalog_parcer/Ме 602 ВН.jpg;черный гранит;;;;;
Ме 603;http://pavelrai.ru/wp-content/uploads/catalog_parcer/Ме 603.jpg;черный гранит;;;;;
Ме 607;http://pavelrai.ru/wp-content/uploads/catalog_parcer/Ме 607.jpg;черный гранит;;;;;
Ме 608;http://pavelrai.ru/wp-content/uploads/catalog_parcer/Ме 608.jpg;черный гранит;;;;;
Ме 609;http://pavelrai.ru/wp-content/uploads/catalog_parcer/Ме 609.jpg;черный гранит;;;;;
Ме 614;http://pavelrai.ru/wp-content/uploads/catalog_parcer/Ме 614.jpg;черный гранит;;;;;
Ме 614 ВН;http://pavelrai.ru/wp-content/uploads/catalog_parcer/Ме 614 ВН.jpg;черный гранит;;;;;
Ме 700;http://pavelrai.ru/wp-content/uploads/catalog_parcer/Ме 700.jpg;черный гранит;;;;;
Ме 700 ВН;http://pavelrai.ru/wp-content/uploads/catalog_parcer/Ме 700 ВН.jpg;черный гранит;;;;;
Ме 701;http://pavelrai.ru/wp-content/uploads/catalog_parcer/Ме 701.jpg;черный гранит;;;;;
Ме 702;http://pavelrai.ru/wp-content/uploads/catalog_parcer/Ме 702.jpg;черный гранит;;;;;
Ме 703;http://pavelrai.ru/wp-content/uploads/catalog_parcer/Ме 703.jpg;черный гранит;;;;;
Ме 704;http://pavelrai.ru/wp-content/uploads/catalog_parcer/Ме 704.jpg;черный гранит;;;;;
Ме 705;http://pavelrai.ru/wp-content/uploads/catalog_parcer/Ме 705.jpg;черный гранит;;;;;
Ме 801;http://pavelrai.ru/wp-content/uploads/catalog_parcer/Ме 801.jpg;черный гранит;;;;;
Ме 802;http://pavelrai.ru/wp-content/uploads/catalog_parcer/Ме 802.jpg;черный гранит;;;;;
Дж 22;http://pavelrai.ru/wp-content/uploads/catalog_parcer/Дж 22.jpg;черный гранит;;;;;
Дж 26;http://pavelrai.ru/wp-content/uploads/catalog_parcer/Дж 26.jpg;черный гранит;;;;;
Дж 27;http://pavelrai.ru/wp-content/uploads/catalog_parcer/Дж 27.jpg;черный гранит;;;;;
Дж 37;http://pavelrai.ru/wp-content/uploads/catalog_parcer/Дж 37.jpg;черный гранит;;;;;
Дж 39;http://pavelrai.ru/wp-content/uploads/catalog_parcer/Дж 39.jpg;черный гранит;;;;;
Дж 40;http://pavelrai.ru/wp-content/uploads/catalog_parcer/Дж 40.jpg;черный гранит;;;;;
Дж 42;http://pavelrai.ru/wp-content/uploads/catalog_parcer/Дж 42.jpg;черный гранит;;;;;
Дж 53;http://pavelrai.ru/wp-content/uploads/catalog_parcer/Дж 53.jpg;черный гранит;;;;;
Дж 54;http://pavelrai.ru/wp-content/uploads/catalog_parcer/Дж 54.jpg;черный гранит;;;;;
Дж 55;http://pavelrai.ru/wp-content/uploads/catalog_parcer/Дж 55.jpg;черный гранит;;;;;
Дж 56;http://pavelrai.ru/wp-content/uploads/catalog_parcer/Дж 56.jpg;черный гранит;;;;;
Дж 57;http://pavelrai.ru/wp-content/uploads/catalog_parcer/Дж 57.jpg;черный гранит;;;;;
Дж 58;http://pavelrai.ru/wp-content/uploads/catalog_parcer/Дж 58.jpg;черный гранит;;;;;
Дж 59;http://pavelrai.ru/wp-content/uploads/catalog_parcer/Дж 59.jpg;черный гранит;;;;;
Дж 60;http://pavelrai.ru/wp-content/uploads/catalog_parcer/Дж 60.jpg;черный гранит;;;;;
Дж 61;http://pavelrai.ru/wp-content/uploads/catalog_parcer/Дж 61.jpg;черный гранит;;;;;
Дж 62;http://pavelrai.ru/wp-content/uploads/catalog_parcer/Дж 62.jpg;черный гранит;;;;;
Дж 63;http://pavelrai.ru/wp-content/uploads/catalog_parcer/Дж 63.jpg;черный гранит;;;;;
Дж 64;http://pavelrai.ru/wp-content/uploads/catalog_parcer/Дж 64.jpg;черный гранит;;;;;
Дж 66;http://pavelrai.ru/wp-content/uploads/catalog_parcer/Дж 66.jpg;черный гранит;;;;;
Дж 67;http://pavelrai.ru/wp-content/uploads/catalog_parcer/Дж 67.jpg;черный гранит;;;;;
Дж 68;http://pavelrai.ru/wp-content/uploads/catalog_parcer/Дж 68.jpg;черный гранит;;;;;
Дж 69;http://pavelrai.ru/wp-content/uploads/catalog_parcer/Дж 69.jpg;черный гранит;;;;;
Дж 70;http://pavelrai.ru/wp-content/uploads/catalog_parcer/Дж 70.jpg;черный гранит;;;;;
Дж 74;http://pavelrai.ru/wp-content/uploads/catalog_parcer/Дж 74.jpg;черный гранит;;;;;
Дж 75;http://pavelrai.ru/wp-content/uploads/catalog_parcer/Дж 75.jpg;черный гранит;;;;;
Дж 76;http://pavelrai.ru/wp-content/uploads/catalog_parcer/Дж 76.jpg;черный гранит;;;;;
Дж 78;http://pavelrai.ru/wp-content/uploads/catalog_parcer/Дж 78.jpg;черный гранит;;;;;
Дж 80;http://pavelrai.ru/wp-content/uploads/catalog_parcer/Дж 80.jpg;черный гранит;;;;;
Дж 85;http://pavelrai.ru/wp-content/uploads/catalog_parcer/Дж 85.jpg;черный гранит;;;;;
Дж 86;http://pavelrai.ru/wp-content/uploads/catalog_parcer/Дж 86.jpg;черный гранит;;;;;
Дж 89;http://pavelrai.ru/wp-content/uploads/catalog_parcer/Дж 89.jpg;черный гранит;;;;;
Дж 90;http://pavelrai.ru/wp-content/uploads/catalog_parcer/Дж 90.jpg;черный гранит;;;;;
Дж 91;http://pavelrai.ru/wp-content/uploads/catalog_parcer/Дж 91.jpg;черный гранит;;;;;
Дж 100;http://pavelrai.ru/wp-content/uploads/catalog_parcer/Дж 100.jpg;черный гранит;;;;;
Дж 102;http://pavelrai.ru/wp-content/uploads/catalog_parcer/Дж 102.jpg;черный гранит;;;;;
Дж 105;http://pavelrai.ru/wp-content/uploads/catalog_parcer/Дж 105.jpg;черный гранит;;;;;
Дж 108;http://pavelrai.ru/wp-content/uploads/catalog_parcer/Дж 108.jpg;черный гранит;;;;;
Дж 110;http://pavelrai.ru/wp-content/uploads/catalog_parcer/Дж 110.jpg;черный гранит;;;;;
Дж 117;http://pavelrai.ru/wp-content/uploads/catalog_parcer/Дж 117.jpg;черный гранит;;;;;
Дж 120;http://pavelrai.ru/wp-content/uploads/catalog_parcer/Дж 120.jpg;черный гранит;;;;;
Дж 123;http://pavelrai.ru/wp-content/uploads/catalog_parcer/Дж 123.jpg;черный гранит;;;;;
Дж 124;http://pavelrai.ru/wp-content/uploads/catalog_parcer/Дж 124.jpg;черный гранит;;;;;
Дж 139;http://pavelrai.ru/wp-content/uploads/catalog_parcer/Дж 139.jpg;черный гранит;;;;;
Дж 143;http://pavelrai.ru/wp-content/uploads/catalog_parcer/Дж 143.jpg;черный гранит;;;;;
Дж 145;http://pavelrai.ru/wp-content/uploads/catalog_parcer/Дж 145.jpg;черный гранит;;;;;
Ем 10;http://pavelrai.ru/wp-content/uploads/catalog_parcer/Ем 10.jpg;черный гранит;;;;;
Ем 23;http://pavelrai.ru/wp-content/uploads/catalog_parcer/Ем 23.jpg;черный гранит;;;;;
Ем 29;http://pavelrai.ru/wp-content/uploads/catalog_parcer/Ем 29.jpg;черный гранит;;;;;
Ем 40;http://pavelrai.ru/wp-content/uploads/catalog_parcer/Ем 40.jpg;черный гранит;;;;;
Ем 42е;http://pavelrai.ru/wp-content/uploads/catalog_parcer/Ем 42е.jpg;черный гранит;;;;;
Ем 49е;http://pavelrai.ru/wp-content/uploads/catalog_parcer/Ем 49е.jpg;черный гранит;;;;;
Ем 53;http://pavelrai.ru/wp-content/uploads/catalog_parcer/Ем 53.jpg;черный гранит;;;;;
Ем 55;http://pavelrai.ru/wp-content/uploads/catalog_parcer/Ем 55.jpg;черный гранит;;;;;
Ем 61е;http://pavelrai.ru/wp-content/uploads/catalog_parcer/Ем 61е.jpg;черный гранит;;;;;
Ем 69;http://pavelrai.ru/wp-content/uploads/catalog_parcer/Ем 69.jpg;черный гранит;;;;;
Ем 70;http://pavelrai.ru/wp-content/uploads/catalog_parcer/Ем 70.jpg;черный гранит;;;;;
Ем 74;http://pavelrai.ru/wp-content/uploads/catalog_parcer/Ем 74.jpg;черный гранит;;;;;
Ем 76;http://pavelrai.ru/wp-content/uploads/catalog_parcer/Ем 76.jpg;черный гранит;;;;;
Ем 77;http://pavelrai.ru/wp-content/uploads/catalog_parcer/Ем 77.jpg;черный гранит;;;;;
Ем 78;http://pavelrai.ru/wp-content/uploads/catalog_parcer/Ем 78.jpg;черный гранит;;;;;
Ем 80;http://pavelrai.ru/wp-content/uploads/catalog_parcer/Ем 80.jpg;черный гранит;;;;;
Ем 81;http://pavelrai.ru/wp-content/uploads/catalog_parcer/Ем 81.jpg;черный гранит;;;;;
Ем 91;http://pavelrai.ru/wp-content/uploads/catalog_parcer/Ем 91.jpg;черный гранит;;;;;
Ем 92;http://pavelrai.ru/wp-content/uploads/catalog_parcer/Ем 92.jpg;черный гранит;;;;;
Ем 94;http://pavelrai.ru/wp-content/uploads/catalog_parcer/Ем 94.jpg;черный гранит;;;;;
Ем 96;http://pavelrai.ru/wp-content/uploads/catalog_parcer/Ем 96.jpg;черный гранит;;;;;
Ем 99;http://pavelrai.ru/wp-content/uploads/catalog_parcer/Ем 99.jpg;черный гранит;;;;;
Ем 100;http://pavelrai.ru/wp-content/uploads/catalog_parcer/Ем 100.jpg;черный гранит;;;;;
Ем 110;http://pavelrai.ru/wp-content/uploads/catalog_parcer/Ем 110.jpg;черный гранит;;;;;
Ем 111;http://pavelrai.ru/wp-content/uploads/catalog_parcer/Ем 111.jpg;черный гранит;;;;;
Ем 112;http://pavelrai.ru/wp-content/uploads/catalog_parcer/Ем 112.jpg;черный гранит;;;;;
Ме 80 40 5 прямой;http://pavelrai.ru/wp-content/uploads/catalog_parcer/Ме 80 40 5 прямой.jpg;черный гранит;;;;;
Ме 100 45 7 прямой;http://pavelrai.ru/wp-content/uploads/catalog_parcer/Ме 100 45 7 прямой.jpg;черный гранит;;;;;
Ме 120 60 8 прямой;http://pavelrai.ru/wp-content/uploads/catalog_parcer/Ме 120 60 8 прямой.jpg;черный гранит;;;;;
Ме 130 60 10 прямой;http://pavelrai.ru/wp-content/uploads/catalog_parcer/Ме 130 60 10 прямой.jpg;черный гранит;;;;;
Ме 150 60 10 прямой;http://pavelrai.ru/wp-content/uploads/catalog_parcer/Ме 150 60 10 прямой.jpg;черный гранит;;;;;
Ме 200 80 10 прямой;http://pavelrai.ru/wp-content/uploads/catalog_parcer/Ме 200 80 10 прямой.jpg;черный гранит;;;;;
Ме 19 светло серый эконом;http://pavelrai.ru/wp-content/uploads/catalog_parcer/Ме 19 светло серый эконом.jpg;светло серый гранит;;;;;
Ме 96 светло серый эконом;http://pavelrai.ru/wp-content/uploads/catalog_parcer/Ме 96 светло серый эконом.jpg;светло серый гранит;;;;;
Ем 46 темно серый эконом;http://pavelrai.ru/wp-content/uploads/catalog_parcer/Ем 46 темно серый эконом.jpg;темно серый ;;;;;
Ем 65 темно серый эконом;http://pavelrai.ru/wp-content/uploads/catalog_parcer/Ем 65 темно серый эконом.jpg;темно серый ;;;;;
Ем 66 темно серый эконом;http://pavelrai.ru/wp-content/uploads/catalog_parcer/Ем 66 темно серый эконом.jpg;темно серый ;;;;;
Ем 86 темно серый эконом;http://pavelrai.ru/wp-content/uploads/catalog_parcer/Ем 86 темно серый эконом.jpg;темно серый ;;;;;
Ме 7 эконом;http://pavelrai.ru/wp-content/uploads/catalog_parcer/Ме 7 эконом.jpg;черный гранит;;;;;
Ме 9 эконом;http://pavelrai.ru/wp-content/uploads/catalog_parcer/Ме 9 эконом.jpg;черный гранит;;;;;
Ме 10 эконом;http://pavelrai.ru/wp-content/uploads/catalog_parcer/Ме 10 эконом.jpg;черный гранит;;;;;
Ме 19 эконом;http://pavelrai.ru/wp-content/uploads/catalog_parcer/Ме 19 эконом.jpg;черный гранит;;;;;
Ме 96 эконом;http://pavelrai.ru/wp-content/uploads/catalog_parcer/Ме 96 эконом.jpg;черный гранит;;;;;
Ме 97 эконом;http://pavelrai.ru/wp-content/uploads/catalog_parcer/Ме 97 эконом.jpg;черный гранит;;;;;
Ме 610 эконом;http://pavelrai.ru/wp-content/uploads/catalog_parcer/Ме 610 эконом.jpg;черный гранит;;;;;
Ме 611 эконом;http://pavelrai.ru/wp-content/uploads/catalog_parcer/Ме 611 эконом.jpg;черный гранит;;;;;
Ме 612 эконом;http://pavelrai.ru/wp-content/uploads/catalog_parcer/Ме 612 эконом.jpg;черный гранит;;;;;
Ме 7 эконом 82 на 82;http://pavelrai.ru/wp-content/uploads/catalog_parcer/Ме 7 эконом 82 на 82.jpg;черный гранит;;;;;
Ме 9 эконом 82 на 82;http://pavelrai.ru/wp-content/uploads/catalog_parcer/Ме 9 эконом 82 на 82.jpg;черный гранит;;;;;
Ме 19 эконом 82 на 82;http://pavelrai.ru/wp-content/uploads/catalog_parcer/Ме 19 эконом 82 на 82.jpg;черный гранит;;;;;
Ме 96 эконом 82 на 82;http://pavelrai.ru/wp-content/uploads/catalog_parcer/Ме 96 эконом 82 на 82.jpg;черный гранит;;;;;
Дж 16 эконом;http://pavelrai.ru/wp-content/uploads/catalog_parcer/Дж 16 эконом.jpg;черный гранит;;;;;
Дж 18 эконом;http://pavelrai.ru/wp-content/uploads/catalog_parcer/Дж 18 эконом.jpg;черный гранит;;;;;
Дж 43 эконом;http://pavelrai.ru/wp-content/uploads/catalog_parcer/Дж 43 эконом.jpg;черный гранит;;;;;
Дж 92 эконом;http://pavelrai.ru/wp-content/uploads/catalog_parcer/Дж 92 эконом.jpg;черный гранит;;;;;
Дж 93 эконом;http://pavelrai.ru/wp-content/uploads/catalog_parcer/Дж 93 эконом.jpg;черный гранит;;;;;
Дж 94 эконом;http://pavelrai.ru/wp-content/uploads/catalog_parcer/Дж 94 эконом.jpg;черный гранит;;;;;
Дж 95 эконом;http://pavelrai.ru/wp-content/uploads/catalog_parcer/Дж 95 эконом.jpg;черный гранит;;;;;
Дж 96 эконом;http://pavelrai.ru/wp-content/uploads/catalog_parcer/Дж 96 эконом.jpg;черный гранит;;;;;
Дж 97 эконом;http://pavelrai.ru/wp-content/uploads/catalog_parcer/Дж 97 эконом.jpg;черный гранит;;;;;
Ме 110а эконом;http://pavelrai.ru/wp-content/uploads/catalog_parcer/Ме 110а эконом.jpg;черный гранит;;;;;
Ем 46 эконом;http://pavelrai.ru/wp-content/uploads/catalog_parcer/Ем 46 эконом.jpg;черный гранит;;;;;
Ем 65 эконом;http://pavelrai.ru/wp-content/uploads/catalog_parcer/Ем 65 эконом.jpg;черный гранит;;;;;
Ем 66 эконом;http://pavelrai.ru/wp-content/uploads/catalog_parcer/Ем 66 эконом.jpg;черный гранит;;;;;
Ем 86 эконом;http://pavelrai.ru/wp-content/uploads/catalog_parcer/Ем 86 эконом.jpg;черный гранит;;;;;
Ме 110;http://pavelrai.ru/wp-content/uploads/catalog_parcer/Ме 110.jpg;черный гранит;;;;;
Ме 5;http://pavelrai.ru/wp-content/uploads/catalog_parcer/Ме 5.jpg;черный гранит;;;;;
Ме 6;http://pavelrai.ru/wp-content/uploads/catalog_parcer/Ме 6.jpg;черный гранит;;;;;
Ме 7;http://pavelrai.ru/wp-content/uploads/catalog_parcer/Ме 7.jpg;черный гранит;;;;;
Ме 9;http://pavelrai.ru/wp-content/uploads/catalog_parcer/Ме 9.jpg;черный гранит;;;;;
Ме 10;http://pavelrai.ru/wp-content/uploads/catalog_parcer/Ме 10.jpg;черный гранит;;;;;
Ме 12;http://pavelrai.ru/wp-content/uploads/catalog_parcer/Ме 12.jpg;черный гранит;;;;;
Ме 19;http://pavelrai.ru/wp-content/uploads/catalog_parcer/Ме 19.jpg;черный гранит;;;;;
Ме 96;http://pavelrai.ru/wp-content/uploads/catalog_parcer/Ме 96.jpg;черный гранит;;;;;
Ме 97;http://pavelrai.ru/wp-content/uploads/catalog_parcer/Ме 97.jpg;черный гранит;;;;;
Ме 245 ВН;http://pavelrai.ru/wp-content/uploads/catalog_parcer/Ме 245 ВН.jpg;черный гранит;;;;;
Ме 7а;http://pavelrai.ru/wp-content/uploads/catalog_parcer/Ме 7а.jpg;черный гранит;;;;;
Ме 9а;http://pavelrai.ru/wp-content/uploads/catalog_parcer/Ме 9а.jpg;черный гранит;;;;;
Ме 10а;http://pavelrai.ru/wp-content/uploads/catalog_parcer/Ме 10а.jpg;черный гранит;;;;;
Ме 19а;http://pavelrai.ru/wp-content/uploads/catalog_parcer/Ме 19а.jpg;черный гранит;;;;;
Ме 96а;http://pavelrai.ru/wp-content/uploads/catalog_parcer/Ме 96а.jpg;черный гранит;;;;;
Ме 99а;http://pavelrai.ru/wp-content/uploads/catalog_parcer/Ме 99а.jpg;черный гранит;;;;;
Ме 234 ВН семейный;http://pavelrai.ru/wp-content/uploads/catalog_parcer/Ме 234 ВН семейный.jpg;черный гранит;;;;;
Ме 606;http://pavelrai.ru/wp-content/uploads/catalog_parcer/Ме 606.jpg;черный гранит;;;;;
Ме 613 ВН;http://pavelrai.ru/wp-content/uploads/catalog_parcer/Ме 613 ВН.jpg;черный гранит;;;;;
Дж 16;http://pavelrai.ru/wp-content/uploads/catalog_parcer/Дж 16.jpg;черный гранит;;;;;
Дж 18;http://pavelrai.ru/wp-content/uploads/catalog_parcer/Дж 18.jpg;черный гранит;;;;;
Дж 43;http://pavelrai.ru/wp-content/uploads/catalog_parcer/Дж 43.jpg;черный гранит;;;;;
Дж 65;http://pavelrai.ru/wp-content/uploads/catalog_parcer/Дж 65.jpg;черный гранит;;;;;
Дж 92;http://pavelrai.ru/wp-content/uploads/catalog_parcer/Дж 92.jpg;черный гранит;;;;;
Дж 93;http://pavelrai.ru/wp-content/uploads/catalog_parcer/Дж 93.jpg;черный гранит;;;;;
Дж 94;http://pavelrai.ru/wp-content/uploads/catalog_parcer/Дж 94.jpg;черный гранит;;;;;
Дж 95;http://pavelrai.ru/wp-content/uploads/catalog_parcer/Дж 95.jpg;черный гранит;;;;;
Дж 96;http://pavelrai.ru/wp-content/uploads/catalog_parcer/Дж 96.jpg;черный гранит;;;;;
Дж 97;http://pavelrai.ru/wp-content/uploads/catalog_parcer/Дж 97.jpg;черный гранит;;;;;
Дж 113;http://pavelrai.ru/wp-content/uploads/catalog_parcer/Дж 113.jpg;черный гранит;;;;;
Дж 114;http://pavelrai.ru/wp-content/uploads/catalog_parcer/Дж 114.jpg;черный гранит;;;;;
Дж 115;http://pavelrai.ru/wp-content/uploads/catalog_parcer/Дж 115.jpg;черный гранит;;;;;
Ем 29 семейный;http://pavelrai.ru/wp-content/uploads/catalog_parcer/Ем 29 семейный.jpg;черный гранит;;;;;
Ем 46;http://pavelrai.ru/wp-content/uploads/catalog_parcer/Ем 46.jpg;черный гранит;;;;;
Ем 54;http://pavelrai.ru/wp-content/uploads/catalog_parcer/Ем 54.jpg;черный гранит;;;;;
Ем 60;http://pavelrai.ru/wp-content/uploads/catalog_parcer/Ем 60.jpg;черный гранит;;;;;
Ем 63е;http://pavelrai.ru/wp-content/uploads/catalog_parcer/Ем 63е.jpg;черный гранит;;;;;
Ем 71е;http://pavelrai.ru/wp-content/uploads/catalog_parcer/Ем 71е.jpg;черный гранит;;;;;
Ем 85;http://pavelrai.ru/wp-content/uploads/catalog_parcer/Ем 85.jpg;черный гранит;;;;;
Ем 86;http://pavelrai.ru/wp-content/uploads/catalog_parcer/Ем 86.jpg;черный гранит;;;;;
Ем 87;http://pavelrai.ru/wp-content/uploads/catalog_parcer/Ем 87.jpg;черный гранит;;;;;
Дж 1;http://pavelrai.ru/wp-content/uploads/catalog_parcer/Дж 1.jpg;черный гранит;;;;;
Дж 2;http://pavelrai.ru/wp-content/uploads/catalog_parcer/Дж 2.jpg;черный гранит;;;;;
Дж 3;http://pavelrai.ru/wp-content/uploads/catalog_parcer/Дж 3.jpg;коричневый гранит;;;;;
Дж 4;http://pavelrai.ru/wp-content/uploads/catalog_parcer/Дж 4.jpg;красный  гранит;;;;;
Дж 5;http://pavelrai.ru/wp-content/uploads/catalog_parcer/Дж 5.jpg;черный гранит;;;;;
Дж 6;http://pavelrai.ru/wp-content/uploads/catalog_parcer/Дж 6.jpg;черный гранит;;;;;
Дж 7;http://pavelrai.ru/wp-content/uploads/catalog_parcer/Дж 7.jpg;черный гранит;;;;;
Дж 8;http://pavelrai.ru/wp-content/uploads/catalog_parcer/Дж 8.jpg;черный гранит;;;;;
Дж 9;http://pavelrai.ru/wp-content/uploads/catalog_parcer/Дж 9.jpg;черный гранит;;;;;
Дж 10;http://pavelrai.ru/wp-content/uploads/catalog_parcer/Дж 10.jpg;черный гранит;;;;;
Дж 11;http://pavelrai.ru/wp-content/uploads/catalog_parcer/Дж 11.jpg;синий гранит;;;;;
Дж 12;http://pavelrai.ru/wp-content/uploads/catalog_parcer/Дж 12.jpg;черный гранит;;;;;
Дж 13;http://pavelrai.ru/wp-content/uploads/catalog_parcer/Дж 13.jpg;черный гранит;;;;;
Дж 14;http://pavelrai.ru/wp-content/uploads/catalog_parcer/Дж 14.jpg;черный гранит;;;;;
Дж 15;http://pavelrai.ru/wp-content/uploads/catalog_parcer/Дж 15.jpg; коричневый гранит;;;;;
Дж 17;http://pavelrai.ru/wp-content/uploads/catalog_parcer/Дж 17.jpg;черный гранит;;;;;
Дж 19;http://pavelrai.ru/wp-content/uploads/catalog_parcer/Дж 19.jpg;черный гранит;;;;;
Дж 20;http://pavelrai.ru/wp-content/uploads/catalog_parcer/Дж 20.jpg;мрамор;;;;;
Дж 21;http://pavelrai.ru/wp-content/uploads/catalog_parcer/Дж 21.jpg;черный гранит;;;;;
Дж 23;http://pavelrai.ru/wp-content/uploads/catalog_parcer/Дж 23.jpg;черный гранит;;;;;
Дж 24;http://pavelrai.ru/wp-content/uploads/catalog_parcer/Дж 24.jpg;черный гранит;;;;;
Дж 25;http://pavelrai.ru/wp-content/uploads/catalog_parcer/Дж 25.jpg;черный гранит;;;;;
Дж 28;http://pavelrai.ru/wp-content/uploads/catalog_parcer/Дж 28.jpg;черный гранит;;;;;
Дж 29;http://pavelrai.ru/wp-content/uploads/catalog_parcer/Дж 29.jpg;черный гранит;;;;;
Дж 30;http://pavelrai.ru/wp-content/uploads/catalog_parcer/Дж 30.jpg;черный гранит;;;;;
Дж 31;http://pavelrai.ru/wp-content/uploads/catalog_parcer/Дж 31.jpg;черный гранит;;;;;
Дж 32;http://pavelrai.ru/wp-content/uploads/catalog_parcer/Дж 32.jpg;черный гранит;;;;;
Дж 33;http://pavelrai.ru/wp-content/uploads/catalog_parcer/Дж 33.jpg;черный гранит;;;;;
Дж 34;http://pavelrai.ru/wp-content/uploads/catalog_parcer/Дж 34.jpg;черный гранит;;;;;
Дж 35;http://pavelrai.ru/wp-content/uploads/catalog_parcer/Дж 35.jpg;черный гранит;;;;;
Дж 36;http://pavelrai.ru/wp-content/uploads/catalog_parcer/Дж 36.jpg;черный гранит;;;;;
Дж 38;http://pavelrai.ru/wp-content/uploads/catalog_parcer/Дж 38.jpg;черный гранит;;;;;
Дж 41;http://pavelrai.ru/wp-content/uploads/catalog_parcer/Дж 41.jpg;мрамор;;;;;
Дж 44;http://pavelrai.ru/wp-content/uploads/catalog_parcer/Дж 44.jpg;мрамор;;;;;
Дж 45;http://pavelrai.ru/wp-content/uploads/catalog_parcer/Дж 45.jpg;гранит цветной;;;;;
Дж 46;http://pavelrai.ru/wp-content/uploads/catalog_parcer/Дж 46.jpg;мрамор;;;;;
Дж 47;http://pavelrai.ru/wp-content/uploads/catalog_parcer/Дж 47.jpg;мрамор;;;;;
Дж 48;http://pavelrai.ru/wp-content/uploads/catalog_parcer/Дж 48.jpg;мрамор;;;;;
Дж 49;http://pavelrai.ru/wp-content/uploads/catalog_parcer/Дж 49.jpg;мрамор;;;;;
Дж 50;http://pavelrai.ru/wp-content/uploads/catalog_parcer/Дж 50.jpg;черный гранит;;;;;
Дж 51;http://pavelrai.ru/wp-content/uploads/catalog_parcer/Дж 51.jpg;мрамор;;;;;
Дж 52;http://pavelrai.ru/wp-content/uploads/catalog_parcer/Дж 52.jpg;черный гранит;;;;;
Дж 71;http://pavelrai.ru/wp-content/uploads/catalog_parcer/Дж 71.jpg;черный гранит;;;;;
Дж 72;http://pavelrai.ru/wp-content/uploads/catalog_parcer/Дж 72.jpg;черный гранит;;;;;
Дж 73;http://pavelrai.ru/wp-content/uploads/catalog_parcer/Дж 73.jpg;черный гранит;;;;;
Дж 77;http://pavelrai.ru/wp-content/uploads/catalog_parcer/Дж 77.jpg;черный гранит;;;;;
Дж 79;http://pavelrai.ru/wp-content/uploads/catalog_parcer/Дж 79.jpg;черный гранит;;;;;
Дж 81;http://pavelrai.ru/wp-content/uploads/catalog_parcer/Дж 81.jpg;черный гранит;;;;;
Дж 82;http://pavelrai.ru/wp-content/uploads/catalog_parcer/Дж 82.jpg;черный гранит;;;;;
Дж 83;http://pavelrai.ru/wp-content/uploads/catalog_parcer/Дж 83.jpg;черный гранит;;;;;
Дж 84;http://pavelrai.ru/wp-content/uploads/catalog_parcer/Дж 84.jpg;черный гранит;;;;;
Дж 87;http://pavelrai.ru/wp-content/uploads/catalog_parcer/Дж 87.jpg;черный гранит;;;;;
Дж 88;http://pavelrai.ru/wp-content/uploads/catalog_parcer/Дж 88.jpg;черный гранит;;;;;
Дж 98;http://pavelrai.ru/wp-content/uploads/catalog_parcer/Дж 98.jpg;черный гранит;;;;;
Дж 99;http://pavelrai.ru/wp-content/uploads/catalog_parcer/Дж 99.jpg;черный гранит;;;;;
Дж 101;http://pavelrai.ru/wp-content/uploads/catalog_parcer/Дж 101.jpg;черный гранит;;;;;
Дж 103;http://pavelrai.ru/wp-content/uploads/catalog_parcer/Дж 103.jpg;черный гранит;;;;;
Дж 104;http://pavelrai.ru/wp-content/uploads/catalog_parcer/Дж 104.jpg;черный гранит;;;;;
Дж 106;http://pavelrai.ru/wp-content/uploads/catalog_parcer/Дж 106.jpg;черный гранит;;;;;
Дж 107;http://pavelrai.ru/wp-content/uploads/catalog_parcer/Дж 107.jpg;черный гранит;;;;;
Дж 109;http://pavelrai.ru/wp-content/uploads/catalog_parcer/Дж 109.jpg;черный гранит;;;;;
Дж 111;http://pavelrai.ru/wp-content/uploads/catalog_parcer/Дж 111.jpg;черный гранит;;;;;
Дж 112;http://pavelrai.ru/wp-content/uploads/catalog_parcer/Дж 112.jpg;черный гранит;;;;;
Дж 113;http://pavelrai.ru/wp-content/uploads/catalog_parcer/Дж 113.jpg;черный гранит;;;;;
Дж 114;http://pavelrai.ru/wp-content/uploads/catalog_parcer/Дж 114.jpg;черный гранит;;;;;
Дж 115;http://pavelrai.ru/wp-content/uploads/catalog_parcer/Дж 115.jpg;черный гранит;;;;;
Дж 116;http://pavelrai.ru/wp-content/uploads/catalog_parcer/Дж 116.jpg;черный гранит;;;;;
Дж 118;http://pavelrai.ru/wp-content/uploads/catalog_parcer/Дж 118.jpg;черный гранит;;;;;
Дж 119;http://pavelrai.ru/wp-content/uploads/catalog_parcer/Дж 119.jpg;черный гранит;;;;;
Дж 121;http://pavelrai.ru/wp-content/uploads/catalog_parcer/Дж 121.jpg;черный гранит;;;;;
Дж 122;http://pavelrai.ru/wp-content/uploads/catalog_parcer/Дж 122.jpg;черный гранит;;;;;
Дж 125;http://pavelrai.ru/wp-content/uploads/catalog_parcer/Дж 125.jpg;черный гранит;;;;;
Дж 126;http://pavelrai.ru/wp-content/uploads/catalog_parcer/Дж 126.jpg;черный гранит;;;;;
Дж 127;http://pavelrai.ru/wp-content/uploads/catalog_parcer/Дж 127.jpg;черный гранит;;;;;
Дж 128;http://pavelrai.ru/wp-content/uploads/catalog_parcer/Дж 128.jpg;черный гранит;;;;;
Дж 129;http://pavelrai.ru/wp-content/uploads/catalog_parcer/Дж 129.jpg;черный гранит;;;;;
Дж 130;http://pavelrai.ru/wp-content/uploads/catalog_parcer/Дж 130.jpg;черный гранит;;;;;
Дж 131;http://pavelrai.ru/wp-content/uploads/catalog_parcer/Дж 131.jpg;черный гранит;;;;;
Дж 132;http://pavelrai.ru/wp-content/uploads/catalog_parcer/Дж 132.jpg;черный гранит;;;;;
Дж 133;http://pavelrai.ru/wp-content/uploads/catalog_parcer/Дж 133.jpg;черный гранит;;;;;
Дж 134;http://pavelrai.ru/wp-content/uploads/catalog_parcer/Дж 134.jpg;черный гранит;;;;;
Дж 135;http://pavelrai.ru/wp-content/uploads/catalog_parcer/Дж 135.jpg;черный гранит;;;;;
Дж 136;http://pavelrai.ru/wp-content/uploads/catalog_parcer/Дж 136.jpg;черный гранит;;;;;
Дж 137;http://pavelrai.ru/wp-content/uploads/catalog_parcer/Дж 137.jpg;черный гранит;;;;;
Дж 138;http://pavelrai.ru/wp-content/uploads/catalog_parcer/Дж 138.jpg;черный гранит;;;;;
Дж 140;http://pavelrai.ru/wp-content/uploads/catalog_parcer/Дж 140.jpg;черный гранит;;;;;
Дж 141;http://pavelrai.ru/wp-content/uploads/catalog_parcer/Дж 141.jpg;черный гранит;;;;;
Дж 142;http://pavelrai.ru/wp-content/uploads/catalog_parcer/Дж 142.jpg;черный гранит;;;;;
Дж 144;http://pavelrai.ru/wp-content/uploads/catalog_parcer/Дж 144.jpg;черный гранит;;;;;
Дж 146;http://pavelrai.ru/wp-content/uploads/catalog_parcer/Дж 146.jpg;черный гранит;;;;;
Дж 147;http://pavelrai.ru/wp-content/uploads/catalog_parcer/Дж 147.jpg;черный гранит;;;;;
Дж 148;http://pavelrai.ru/wp-content/uploads/catalog_parcer/Дж 148.jpg;черный гранит;;;;;
Дж 149;http://pavelrai.ru/wp-content/uploads/catalog_parcer/Дж 149.jpg;черный гранит;;;;;
Дж 150;http://pavelrai.ru/wp-content/uploads/catalog_parcer/Дж 150.jpg;черный гранит;;;;;
Дж 151;http://pavelrai.ru/wp-content/uploads/catalog_parcer/Дж 151.jpg;черный гранит;;;;;
Дж 152;http://pavelrai.ru/wp-content/uploads/catalog_parcer/Дж 152.jpg;черный гранит;;;;;
Дж 153;http://pavelrai.ru/wp-content/uploads/catalog_parcer/Дж 153.jpg;черный гранит;;;;;
Дж 154;http://pavelrai.ru/wp-content/uploads/catalog_parcer/Дж 154.jpg;черный гранит;;;;;
Дж 155;http://pavelrai.ru/wp-content/uploads/catalog_parcer/Дж 155.jpg;черный гранит;;;;;
Дж мр 85;http://pavelrai.ru/wp-content/uploads/catalog_parcer/Дж мр 85.jpg;мрамор;;;;;
Дж мр 86;http://pavelrai.ru/wp-content/uploads/catalog_parcer/Дж мр 86.jpg;мрамор;;;;;
Ме 100 45 7 прямой зел;http://pavelrai.ru/wp-content/uploads/catalog_parcer/Ме 100 45 7 прямой зел.jpg;зелёный гранит;;;;;
Ме 24 зел;http://pavelrai.ru/wp-content/uploads/catalog_parcer/Ме 24 зел.jpg;зелёный гранит;;;;;
Ме 25 зел;http://pavelrai.ru/wp-content/uploads/catalog_parcer/Ме 25 зел.jpg;зелёный гранит;;;;;
Ме 29 зел;http://pavelrai.ru/wp-content/uploads/catalog_parcer/Ме 29 зел.jpg;зелёный гранит;;;;;
Ме 30 зел;http://pavelrai.ru/wp-content/uploads/catalog_parcer/Ме 30 зел.jpg;зелёный гранит;;;;;
Ме 31 зел;http://pavelrai.ru/wp-content/uploads/catalog_parcer/Ме 31 зел.jpg;зелёный гранит;;;;;
Ме 37 зел;http://pavelrai.ru/wp-content/uploads/catalog_parcer/Ме 37 зел.jpg;зелёный гранит;;;;;
Ме 38 ВН зел;http://pavelrai.ru/wp-content/uploads/catalog_parcer/Ме 38 ВН зел.jpg;зелёный гранит;;;;;
Ме 42 зел;http://pavelrai.ru/wp-content/uploads/catalog_parcer/Ме 42 зел.jpg;зелёный гранит;;;;;
Ме 46 зел;http://pavelrai.ru/wp-content/uploads/catalog_parcer/Ме 46 зел.jpg;зелёный гранит;;;;;
Ме 51 зел;http://pavelrai.ru/wp-content/uploads/catalog_parcer/Ме 51 зел.jpg;зелёный гранит;;;;;
Ме 52 зел;http://pavelrai.ru/wp-content/uploads/catalog_parcer/Ме 52 зел.jpg;зелёный гранит;;;;;
Ме 56 зел;http://pavelrai.ru/wp-content/uploads/catalog_parcer/Ме 56 зел.jpg;зелёный гранит;;;;;
Ме 61 зел;http://pavelrai.ru/wp-content/uploads/catalog_parcer/Ме 61 зел.jpg;зелёный гранит;;;;;
Ме 65 зел;http://pavelrai.ru/wp-content/uploads/catalog_parcer/Ме 65 зел.jpg;зелёный гранит;;;;;
Ме 66 зел;http://pavelrai.ru/wp-content/uploads/catalog_parcer/Ме 66 зел.jpg;зелёный гранит;;;;;
Ме 89 ВН зел;http://pavelrai.ru/wp-content/uploads/catalog_parcer/Ме 89 ВН зел.jpg;зелёный гранит;;;;;
Ме 106 зел;http://pavelrai.ru/wp-content/uploads/catalog_parcer/Ме 106 зел.jpg;зелёный гранит;;;;;
Ме 202 зел;http://pavelrai.ru/wp-content/uploads/catalog_parcer/Ме 202 зел.jpg;зелёный гранит;;;;;
Ме 206 зел;http://pavelrai.ru/wp-content/uploads/catalog_parcer/Ме 206 зел.jpg;зелёный гранит;;;;;
Ме 206 ВН зел;http://pavelrai.ru/wp-content/uploads/catalog_parcer/Ме 206 ВН зел.jpg;зелёный гранит;;;;;
Ме 207 зел;http://pavelrai.ru/wp-content/uploads/catalog_parcer/Ме 207 зел.jpg;зелёный гранит;;;;;
Ме 207 ВН зел;http://pavelrai.ru/wp-content/uploads/catalog_parcer/Ме 207 ВН зел.jpg;цветные каталог;;;;;
Ме 218 зел;http://pavelrai.ru/wp-content/uploads/catalog_parcer/Ме 218 зел.jpg;зелёный гранит;;;;;
Ме 218 ВН зел;http://pavelrai.ru/wp-content/uploads/catalog_parcer/Ме 218 ВН зел.jpg;зелёный гранит;;;;;
Ме 220 зел;http://pavelrai.ru/wp-content/uploads/catalog_parcer/Ме 220 зел.jpg;зелёный гранит;;;;;
Ме 225 зел;http://pavelrai.ru/wp-content/uploads/catalog_parcer/Ме 225 зел.jpg;зелёный гранит;;;;;
Ме 231 ВН зел;http://pavelrai.ru/wp-content/uploads/catalog_parcer/Ме 231 ВН зел.jpg;зелёный гранит;;;;;
Ме 232 ВН зел;http://pavelrai.ru/wp-content/uploads/catalog_parcer/Ме 232 ВН зел.jpg;зелёный гранит;;;;;
Ме 234 ВН зел;http://pavelrai.ru/wp-content/uploads/catalog_parcer/Ме 234 ВН зел.jpg;зелёный гранит;;;;;
Ме 237 зел;http://pavelrai.ru/wp-content/uploads/catalog_parcer/Ме 237 зел.jpg;зелёный гранит;;;;;
Ме 239 зел;http://pavelrai.ru/wp-content/uploads/catalog_parcer/Ме 239 зел.jpg;зелёный гранит;;;;;
Ме 242 ВН зел;http://pavelrai.ru/wp-content/uploads/catalog_parcer/Ме 242 ВН зел.jpg;зелёный гранит;;;;;
Ме 246 зел;http://pavelrai.ru/wp-content/uploads/catalog_parcer/Ме 246 зел.jpg;зелёный гранит;;;;;
Ме 247 ВН зел;http://pavelrai.ru/wp-content/uploads/catalog_parcer/Ме 247 ВН зел.jpg;зелёный гранит;;;;;
Ме 248 зел;http://pavelrai.ru/wp-content/uploads/catalog_parcer/Ме 248 зел.jpg;зелёный гранит;;;;;
Ме 248 ВН зел;http://pavelrai.ru/wp-content/uploads/catalog_parcer/Ме 248 ВН зел.jpg;зелёный гранит;;;;;
Ме 251 зел;http://pavelrai.ru/wp-content/uploads/catalog_parcer/Ме 251 зел.jpg;зелёный гранит;;;;;
Ме 253 зел;http://pavelrai.ru/wp-content/uploads/catalog_parcer/Ме 253 зел.jpg;зелёный гранит;;;;;
Ме 502 ВН зел;http://pavelrai.ru/wp-content/uploads/catalog_parcer/Ме 502 ВН зел.jpg;зелёный гранит;;;;;
Ме 512 зел;http://pavelrai.ru/wp-content/uploads/catalog_parcer/Ме 512 зел.jpg;зелёный гранит;;;;;
Ме 513 зел;http://pavelrai.ru/wp-content/uploads/catalog_parcer/Ме 513 зел.jpg;зелёный гранит;;;;;
Ме 513 ВН зел;http://pavelrai.ru/wp-content/uploads/catalog_parcer/Ме 513 ВН зел.jpg;зелёный гранит;;;;;
Ме 514 зел;http://pavelrai.ru/wp-content/uploads/catalog_parcer/Ме 514 зел.jpg;зелёный гранит;;;;;
Ме 600 зел;http://pavelrai.ru/wp-content/uploads/catalog_parcer/Ме 600 зел.jpg;зелёный гранит;;;;;
Ме 603 зел;http://pavelrai.ru/wp-content/uploads/catalog_parcer/Ме 603 зел.jpg;зелёный гранит;;;;;
Ме 607 зел;http://pavelrai.ru/wp-content/uploads/catalog_parcer/Ме 607 зел.jpg;зелёный гранит;;;;;
Ме 608 зел;http://pavelrai.ru/wp-content/uploads/catalog_parcer/Ме 608 зел.jpg;зелёный гранит;;;;;
Ме 609 зел;http://pavelrai.ru/wp-content/uploads/catalog_parcer/Ме 609 зел.jpg;зелёный гранит;;;;;
Ме 700 ВН зел;http://pavelrai.ru/wp-content/uploads/catalog_parcer/Ме 700 ВН зел.jpg;зелёный гранит;;;;;
Ме 702 зел;http://pavelrai.ru/wp-content/uploads/catalog_parcer/Ме 702 зел.jpg;зелёный гранит;;;;;
Ем 10 красн;http://pavelrai.ru/wp-content/uploads/catalog_parcer/Ем 10 красн.jpg;красный гранит;;;;;
Ем 23 красн;http://pavelrai.ru/wp-content/uploads/catalog_parcer/Ем 23 красн.jpg;красный гранит;;;;;
Ем 29 красн;http://pavelrai.ru/wp-content/uploads/catalog_parcer/Ем 29 красн.jpg;красный гранит;;;;;
Ем 40 красн;http://pavelrai.ru/wp-content/uploads/catalog_parcer/Ем 40 красн.jpg;красный гранит;;;;;
Ем 42е красн;http://pavelrai.ru/wp-content/uploads/catalog_parcer/Ем 42е красн.jpg;красный гранит;;;;;
Ем 49 красн;http://pavelrai.ru/wp-content/uploads/catalog_parcer/Ем 49 красн.jpg;красный гранит;;;;;
Ем 53 красн;http://pavelrai.ru/wp-content/uploads/catalog_parcer/Ем 53 красн.jpg;красный гранит;;;;;
Ем 55 красн;http://pavelrai.ru/wp-content/uploads/catalog_parcer/Ем 55 красн.jpg;красный гранит;;;;;
Ем 61е красн;http://pavelrai.ru/wp-content/uploads/catalog_parcer/Ем 61е красн.jpg;красный гранит;;;;;
Ем 69 красн;http://pavelrai.ru/wp-content/uploads/catalog_parcer/Ем 69 красн.jpg;красный гранит;;;;;
Ем 70 красн;http://pavelrai.ru/wp-content/uploads/catalog_parcer/Ем 70 красн.jpg;красный гранит;;;;;
Ем 74 красн;http://pavelrai.ru/wp-content/uploads/catalog_parcer/Ем 74 красн.jpg;красный гранит;;;;;
Ем 76 крас;http://pavelrai.ru/wp-content/uploads/catalog_parcer/Ем 76 крас.jpg;красный гранит;;;;;
Ем 77 красн;http://pavelrai.ru/wp-content/uploads/catalog_parcer/Ем 77 красн.jpg;красный гранит;;;;;
Ем 78 красн;http://pavelrai.ru/wp-content/uploads/catalog_parcer/Ем 78 красн.jpg;красный гранит;;;;;
Ем 80 красн;http://pavelrai.ru/wp-content/uploads/catalog_parcer/Ем 80 красн.jpg;красный гранит;;;;;
Ем 81 красн;http://pavelrai.ru/wp-content/uploads/catalog_parcer/Ем 81 красн.jpg;красный гранит;;;;;
Ем 91 красн;http://pavelrai.ru/wp-content/uploads/catalog_parcer/Ем 91 красн.jpg;красный гранит;;;;;
Ем 92 красн;http://pavelrai.ru/wp-content/uploads/catalog_parcer/Ем 92 красн.jpg;красный гранит;;;;;
Ем 94 красн;http://pavelrai.ru/wp-content/uploads/catalog_parcer/Ем 94 красн.jpg;красный гранит;;;;;
Ем 96 красн;http://pavelrai.ru/wp-content/uploads/catalog_parcer/Ем 96 красн.jpg;красный гранит;;;;;
Ем 11 кор;http://pavelrai.ru/wp-content/uploads/catalog_parcer/Ем 11 кор.jpg;коричневый гранит;;;;;
Ем 29 кор;http://pavelrai.ru/wp-content/uploads/catalog_parcer/Ем 29 кор.jpg;коричневый гранит;;;;;
Ем 40 кор;http://pavelrai.ru/wp-content/uploads/catalog_parcer/Ем 40 кор.jpg;коричневый гранит;;;;;
Ем 42е кор;http://pavelrai.ru/wp-content/uploads/catalog_parcer/Ем 42е кор.jpg;коричневый гранит;;;;;
Ем 49 кор;http://pavelrai.ru/wp-content/uploads/catalog_parcer/Ем 49 кор.jpg;коричневый гранит;;;;;
Ем 53 кор;http://pavelrai.ru/wp-content/uploads/catalog_parcer/Ем 53 кор.jpg;коричневый гранит;;;;;
Ем 55 кор;http://pavelrai.ru/wp-content/uploads/catalog_parcer/Ем 55 кор.jpg;коричневый гранит;;;;;
Ем 56 кор;http://pavelrai.ru/wp-content/uploads/catalog_parcer/Ем 56 кор.jpg;коричневый гранит;;;;;
Ем 57 кор;http://pavelrai.ru/wp-content/uploads/catalog_parcer/Ем 57 кор.jpg;коричневый гранит;;;;;
Ем 58 кор;http://pavelrai.ru/wp-content/uploads/catalog_parcer/Ем 58 кор.jpg;коричневый гранит;;;;;
Ем 74 кор;http://pavelrai.ru/wp-content/uploads/catalog_parcer/Ем 74 кор.jpg;коричневый гранит;;;;;
Ем 76 кор;http://pavelrai.ru/wp-content/uploads/catalog_parcer/Ем 76 кор.jpg;коричневый гранит;;;;;
Ем 77 кор;http://pavelrai.ru/wp-content/uploads/catalog_parcer/Ем 77 кор.jpg;коричневый гранит;;;;;
Ем 78 кор;http://pavelrai.ru/wp-content/uploads/catalog_parcer/Ем 78 кор.jpg;коричневый гранит;;;;;
Ем 80 кор;http://pavelrai.ru/wp-content/uploads/catalog_parcer/Ем 80 кор.jpg;коричневый гранит;;;;;
Ем 91 кор;http://pavelrai.ru/wp-content/uploads/catalog_parcer/Ем 91 кор.jpg;коричневый гранит;;;;;
Ем 92 кор;http://pavelrai.ru/wp-content/uploads/catalog_parcer/Ем 92 кор.jpg;коричневый гранит;;;;;
Ем 94 кор;http://pavelrai.ru/wp-content/uploads/catalog_parcer/Ем 94 кор.jpg;коричневый гранит;;;;;
Ем 11 син;http://pavelrai.ru/wp-content/uploads/catalog_parcer/Ем 11 син.jpg;синий гранит;;;;;
Ем 29 син;http://pavelrai.ru/wp-content/uploads/catalog_parcer/Ем 29 син.jpg;синий гранит;;;;;
Ем 40 син;http://pavelrai.ru/wp-content/uploads/catalog_parcer/Ем 40 син.jpg;синий гранит;;;;;
Ем 42е син;http://pavelrai.ru/wp-content/uploads/catalog_parcer/Ем 42е син.jpg;синий гранит;;;;;
Ем 49 син;http://pavelrai.ru/wp-content/uploads/catalog_parcer/Ем 49 син.jpg;синий гранит;;;;;
Ем 53 син;http://pavelrai.ru/wp-content/uploads/catalog_parcer/Ем 53 син.jpg;синий гранит;;;;;
Ем 55 син;http://pavelrai.ru/wp-content/uploads/catalog_parcer/Ем 55 син.jpg;синий гранит;;;;;
Ем 56 син;http://pavelrai.ru/wp-content/uploads/catalog_parcer/Ем 56 син.jpg;синий гранит;;;;;
Ем 57 син;http://pavelrai.ru/wp-content/uploads/catalog_parcer/Ем 57 син.jpg;синий гранит;;;;;
Ем 58 син;http://pavelrai.ru/wp-content/uploads/catalog_parcer/Ем 58 син.jpg;синий гранит;;;;;
Ем 74 син;http://pavelrai.ru/wp-content/uploads/catalog_parcer/Ем 74 син.jpg;синий гранит;;;;;
Ем 76 син;http://pavelrai.ru/wp-content/uploads/catalog_parcer/Ем 76 син.jpg;синий гранит;;;;;
Ем 77 син;http://pavelrai.ru/wp-content/uploads/catalog_parcer/Ем 77 син.jpg;синий гранит;;;;;
Ем 78 син;http://pavelrai.ru/wp-content/uploads/catalog_parcer/Ем 78 син.jpg;синий гранит;;;;;
Ем 80 син;http://pavelrai.ru/wp-content/uploads/catalog_parcer/Ем 80 син.jpg;синий гранит;;;;;
Ем 91 син;http://pavelrai.ru/wp-content/uploads/catalog_parcer/Ем 91 син.jpg;синий гранит;;;;;
Ем 92 син;http://pavelrai.ru/wp-content/uploads/catalog_parcer/Ем 92 син.jpg;синий гранит;;;;;
Ем 94 син;http://pavelrai.ru/wp-content/uploads/catalog_parcer/Ем 94 син.jpg;синий гранит;;;;;
Дж 16 эконом;http://pavelrai.ru/wp-content/uploads/catalog_parcer/Дж 16 эконом.jpg;черный гранит;;;;;
Дж 16;http://pavelrai.ru/wp-content/uploads/catalog_parcer/Дж 16.jpg;черный гранит;;;;;
Дж 18 эконом;http://pavelrai.ru/wp-content/uploads/catalog_parcer/Дж 18 эконом.jpg;черный гранит;;;;;
Дж 18;http://pavelrai.ru/wp-content/uploads/catalog_parcer/Дж 18.jpg;черный гранит;;;;;
Дж 24;http://pavelrai.ru/wp-content/uploads/catalog_parcer/Дж 24.jpg;черный гранит;;;;;
Дж 27;http://pavelrai.ru/wp-content/uploads/catalog_parcer/Дж 27.jpg;черный гранит;;;;;
Дж 29;http://pavelrai.ru/wp-content/uploads/catalog_parcer/Дж 29.jpg;черный гранит;;;;;
Дж 30;http://pavelrai.ru/wp-content/uploads/catalog_parcer/Дж 30.jpg;черный гранит;;;;;
Дж 34;http://pavelrai.ru/wp-content/uploads/catalog_parcer/Дж 34.jpg;черный гранит;;;;;
Дж 39;http://pavelrai.ru/wp-content/uploads/catalog_parcer/Дж 39.jpg;черный гранит;;;;;
Дж 50;http://pavelrai.ru/wp-content/uploads/catalog_parcer/Дж 50.jpg;черный гранит;;;;;
Дж 54;http://pavelrai.ru/wp-content/uploads/catalog_parcer/Дж 54.jpg;черный гранит;;;;;
Дж 67;http://pavelrai.ru/wp-content/uploads/catalog_parcer/Дж 67.jpg;черный гранит;;;;;
Дж 70;http://pavelrai.ru/wp-content/uploads/catalog_parcer/Дж 70.jpg;черный гранит;;;;;
Дж 76;http://pavelrai.ru/wp-content/uploads/catalog_parcer/Дж 76.jpg;черный гранит;;;;;
Дж 77;http://pavelrai.ru/wp-content/uploads/catalog_parcer/Дж 77.jpg;черный гранит;;;;;
Дж 78;http://pavelrai.ru/wp-content/uploads/catalog_parcer/Дж 78.jpg;черный гранит;;;;;
Дж 79;http://pavelrai.ru/wp-content/uploads/catalog_parcer/Дж 79.jpg;черный гранит;;;;;
Дж 80;http://pavelrai.ru/wp-content/uploads/catalog_parcer/Дж 80.jpg;черный гранит;;;;;
Дж 85;http://pavelrai.ru/wp-content/uploads/catalog_parcer/Дж 85.jpg;черный гранит;;;;;
Дж 98;http://pavelrai.ru/wp-content/uploads/catalog_parcer/Дж 98.jpg;черный гранит;;;;;
Дж 99;http://pavelrai.ru/wp-content/uploads/catalog_parcer/Дж 99.jpg;черный гранит;;;;;
Дж 101;http://pavelrai.ru/wp-content/uploads/catalog_parcer/Дж 101.jpg;черный гранит;;;;;
Дж 102;http://pavelrai.ru/wp-content/uploads/catalog_parcer/Дж 102.jpg;черный гранит;;;;;
Дж 104;http://pavelrai.ru/wp-content/uploads/catalog_parcer/Дж 104.jpg;черный гранит;;;;;
Дж 108;http://pavelrai.ru/wp-content/uploads/catalog_parcer/Дж 108.jpg;черный гранит;;;;;
Дж 110;http://pavelrai.ru/wp-content/uploads/catalog_parcer/Дж 110.jpg;черный гранит;;;;;
Дж 114;http://pavelrai.ru/wp-content/uploads/catalog_parcer/Дж 114.jpg;черный гранит;;;;;
Дж 116;http://pavelrai.ru/wp-content/uploads/catalog_parcer/Дж 116.jpg;черный гранит;;;;;
Дж 117;http://pavelrai.ru/wp-content/uploads/catalog_parcer/Дж 117.jpg;черный гранит;;;;;
Дж 118;http://pavelrai.ru/wp-content/uploads/catalog_parcer/Дж 118.jpg;черный гранит;;;;;
Дж 119;http://pavelrai.ru/wp-content/uploads/catalog_parcer/Дж 119.jpg;черный гранит;;;;;
Дж 120;http://pavelrai.ru/wp-content/uploads/catalog_parcer/Дж 120.jpg;черный гранит;;;;;
Дж 121;http://pavelrai.ru/wp-content/uploads/catalog_parcer/Дж 121.jpg;черный гранит;;;;;
Дж 122;http://pavelrai.ru/wp-content/uploads/catalog_parcer/Дж 122.jpg;черный гранит;;;;;
Дж 123;http://pavelrai.ru/wp-content/uploads/catalog_parcer/Дж 123.jpg;черный гранит;;;;;
Дж 131;http://pavelrai.ru/wp-content/uploads/catalog_parcer/Дж 131.jpg;черный гранит;;;;;
Дж 134;http://pavelrai.ru/wp-content/uploads/catalog_parcer/Дж 134.jpg;черный гранит;;;;;
Дж 135;http://pavelrai.ru/wp-content/uploads/catalog_parcer/Дж 135.jpg;черный гранит;;;;;
Дж 137;http://pavelrai.ru/wp-content/uploads/catalog_parcer/Дж 137.jpg;черный гранит;;;;;
Дж 139;http://pavelrai.ru/wp-content/uploads/catalog_parcer/Дж 139.jpg;черный гранит;;;;;
Дж 140;http://pavelrai.ru/wp-content/uploads/catalog_parcer/Дж 140.jpg;черный гранит;;;;;
Дж 142;http://pavelrai.ru/wp-content/uploads/catalog_parcer/Дж 142.jpg;черный гранит;;;;;
Дж 143;http://pavelrai.ru/wp-content/uploads/catalog_parcer/Дж 143.jpg;черный гранит;;;;;
Дж 144;http://pavelrai.ru/wp-content/uploads/catalog_parcer/Дж 144.jpg;черный гранит;;;;;
Дж 146;http://pavelrai.ru/wp-content/uploads/catalog_parcer/Дж 146.jpg;черный гранит;;;;;
Дж 147;http://pavelrai.ru/wp-content/uploads/catalog_parcer/Дж 147.jpg;черный гранит;;;;;
Дж 148;http://pavelrai.ru/wp-content/uploads/catalog_parcer/Дж 148.jpg;черный гранит;;;;;
Дж 151;http://pavelrai.ru/wp-content/uploads/catalog_parcer/Дж 151.jpg;черный гранит;;;;;
Дж 152;http://pavelrai.ru/wp-content/uploads/catalog_parcer/Дж 152.jpg;черный гранит;;;;;
Дж 155;http://pavelrai.ru/wp-content/uploads/catalog_parcer/Дж 155.jpg;черный гранит;;;;;
Ем 40 кор;http://pavelrai.ru/wp-content/uploads/catalog_parcer/Ем 40 кор.jpg;коричневый гранит;;;;;
Ем 40 красн;http://pavelrai.ru/wp-content/uploads/catalog_parcer/Ем 40 красн.jpg;красный гранит;;;;;
Ем 40 син;http://pavelrai.ru/wp-content/uploads/catalog_parcer/Ем 40 син.jpg;синий гранит;;;;;
Ем 40;http://pavelrai.ru/wp-content/uploads/catalog_parcer/Ем 40.jpg;черный гранит;;;;;
Ем 69 красн;http://pavelrai.ru/wp-content/uploads/catalog_parcer/Ем 69 красн.jpg;красный гранит;;;;;
Ем 69;http://pavelrai.ru/wp-content/uploads/catalog_parcer/Ем 69.jpg;черный гранит;;;;;
Ем 70 красн;http://pavelrai.ru/wp-content/uploads/catalog_parcer/Ем 70 красн.jpg;красный гранит;;;;;
Ем 70;http://pavelrai.ru/wp-content/uploads/catalog_parcer/Ем 70.jpg;черный гранит;;;;;
Ем 74 кор;http://pavelrai.ru/wp-content/uploads/catalog_parcer/Ем 74 кор.jpg;коричневый гранит;;;;;
Ем 74 красн;http://pavelrai.ru/wp-content/uploads/catalog_parcer/Ем 74 красн.jpg;красный гранит;;;;;
Ем 74 син;http://pavelrai.ru/wp-content/uploads/catalog_parcer/Ем 74 син.jpg;синий гранит;;;;;
Ем 74;http://pavelrai.ru/wp-content/uploads/catalog_parcer/Ем 74.jpg;черный гранит;;;;;
Ем 76 кор;http://pavelrai.ru/wp-content/uploads/catalog_parcer/Ем 76 кор.jpg;коричневый гранит;;;;;
Ем 76 крас;http://pavelrai.ru/wp-content/uploads/catalog_parcer/Ем 76 крас.jpg;красный гранит;;;;;
Ем 76 син;http://pavelrai.ru/wp-content/uploads/catalog_parcer/Ем 76 син.jpg;синий гранит;;;;;
Ем 76;http://pavelrai.ru/wp-content/uploads/catalog_parcer/Ем 76.jpg;черный гранит;;;;;
Ем 77 кор;http://pavelrai.ru/wp-content/uploads/catalog_parcer/Ем 77 кор.jpg;коричневый гранит;;;;;
Ем 77 красн;http://pavelrai.ru/wp-content/uploads/catalog_parcer/Ем 77 красн.jpg;красный гранит;;;;;
Ем 77 син;http://pavelrai.ru/wp-content/uploads/catalog_parcer/Ем 77 син.jpg;синий гранит;;;;;
Ем 77;http://pavelrai.ru/wp-content/uploads/catalog_parcer/Ем 77.jpg;черный гранит;;;;;
Ем 78 кор;http://pavelrai.ru/wp-content/uploads/catalog_parcer/Ем 78 кор.jpg;коричневый гранит;;;;;
Ем 78 красн;http://pavelrai.ru/wp-content/uploads/catalog_parcer/Ем 78 красн.jpg;красный гранит;;;;;
Ем 78 син;http://pavelrai.ru/wp-content/uploads/catalog_parcer/Ем 78 син.jpg;синий гранит;;;;;
Ем 78;http://pavelrai.ru/wp-content/uploads/catalog_parcer/Ем 78.jpg;черный гранит;;;;;
Ем 94 кор;http://pavelrai.ru/wp-content/uploads/catalog_parcer/Ем 94 кор.jpg;коричневый гранит;;;;;
Ем 94 красн;http://pavelrai.ru/wp-content/uploads/catalog_parcer/Ем 94 красн.jpg;красный гранит;;;;;
Ем 94 син;http://pavelrai.ru/wp-content/uploads/catalog_parcer/Ем 94 син.jpg;синий гранит;;;;;
Ем 94;http://pavelrai.ru/wp-content/uploads/catalog_parcer/Ем 94.jpg;черный гранит;;;;;
Ем 100;http://pavelrai.ru/wp-content/uploads/catalog_parcer/Ем 100.jpg;черный гранит;;;;;
Ме 24 зел;http://pavelrai.ru/wp-content/uploads/catalog_parcer/Ме 24 зел.jpg;зелёный гранит;;;;;
Ме 24;http://pavelrai.ru/wp-content/uploads/catalog_parcer/Ме 24.jpg;черный гранит;;;;;
Ме 42 зел;http://pavelrai.ru/wp-content/uploads/catalog_parcer/Ме 42 зел.jpg;зелёный гранит;;;;;
Ме 42;http://pavelrai.ru/wp-content/uploads/catalog_parcer/Ме 42.jpg;черный гранит;;;;;
Ме 124;http://pavelrai.ru/wp-content/uploads/catalog_parcer/Ме 124.jpg;черный гранит;;;;;
Ме 130;http://pavelrai.ru/wp-content/uploads/catalog_parcer/Ме 130.jpg;черный гранит;;;;;
Ме 132;http://pavelrai.ru/wp-content/uploads/catalog_parcer/Ме 132.jpg;черный гранит;;;;;
Ме 133 1;http://pavelrai.ru/wp-content/uploads/catalog_parcer/Ме 133 1.jpg;черный гранит;;;;;
Ме 133 2;http://pavelrai.ru/wp-content/uploads/catalog_parcer/Ме 133 2.jpg;черный гранит;;;;;
Ме 220 зел;http://pavelrai.ru/wp-content/uploads/catalog_parcer/Ме 220 зел.jpg;зелёный гранит;;;;;
Ме 220;http://pavelrai.ru/wp-content/uploads/catalog_parcer/Ме 220.jpg;черный гранит;;;;;
Ме 230;http://pavelrai.ru/wp-content/uploads/catalog_parcer/Ме 230.jpg;черный гранит;;;;;
Ме 240;http://pavelrai.ru/wp-content/uploads/catalog_parcer/Ме 240.jpg;черный гранит;;;;;
Ме 242 ВН зел;http://pavelrai.ru/wp-content/uploads/catalog_parcer/Ме 242 ВН зел.jpg;зелёный гранит;;;;;
Ме 242 ВН;http://pavelrai.ru/wp-content/uploads/catalog_parcer/Ме 242 ВН.jpg;черный гранит;;;;;
Ме 245 ВН;http://pavelrai.ru/wp-content/uploads/catalog_parcer/Ме 245 ВН.jpg;черный гранит;;;;;
Ме 247 ВН зел;http://pavelrai.ru/wp-content/uploads/catalog_parcer/Ме 247 ВН зел.jpg;зелёный гранит;;;;;
Ме 247 ВН;http://pavelrai.ru/wp-content/uploads/catalog_parcer/Ме 247 ВН.jpg;черный гранит;;;;;
Ме 613 ВН;http://pavelrai.ru/wp-content/uploads/catalog_parcer/Ме 613 ВН.jpg;черный гранит;;;;;
мр 47;http://pavelrai.ru/wp-content/uploads/catalog_parcer/мр 47.jpg;мраморный памятник;;;;;
мр 48;http://pavelrai.ru/wp-content/uploads/catalog_parcer/мр 48.jpg;мраморный памятник;;;;;
мр 49;http://pavelrai.ru/wp-content/uploads/catalog_parcer/мр 49.jpg;мраморный памятник;;;;;
мр 50;http://pavelrai.ru/wp-content/uploads/catalog_parcer/мр 50.jpg;мраморный памятник;;;;;
мр 51;http://pavelrai.ru/wp-content/uploads/catalog_parcer/мр 51.jpg;мраморный памятник;;;;;
мр 52;http://pavelrai.ru/wp-content/uploads/catalog_parcer/мр 52.jpg;мраморный памятник;;;;;
мр 53;http://pavelrai.ru/wp-content/uploads/catalog_parcer/мр 53.jpg;мраморный памятник;;;;;
мр 54;http://pavelrai.ru/wp-content/uploads/catalog_parcer/мр 54.jpg;мраморный памятник;;;;;
Мр 18;http://pavelrai.ru/wp-content/uploads/catalog_parcer/мр 18.jpg;мраморный памятник;;;;;
мр 19;http://pavelrai.ru/wp-content/uploads/catalog_parcer/мр 19.jpg;мраморный памятник;;;;;
мр 20;http://pavelrai.ru/wp-content/uploads/catalog_parcer/мр 20.jpg;мраморный памятник;;;;;
мр 21;http://pavelrai.ru/wp-content/uploads/catalog_parcer/мр 21.jpg;мраморный памятник;;;;;
мр 22;http://pavelrai.ru/wp-content/uploads/catalog_parcer/мр 22.jpg;мраморный памятник;;;;;
мр 23;http://pavelrai.ru/wp-content/uploads/catalog_parcer/мр 23.jpg;мраморный памятник;;;;;
мр 24;http://pavelrai.ru/wp-content/uploads/catalog_parcer/мр 24.jpg;мраморный памятник;;;;;
мр 25;http://pavelrai.ru/wp-content/uploads/catalog_parcer/мр 25.jpg;мраморный памятник;;;;;
мр 26;http://pavelrai.ru/wp-content/uploads/catalog_parcer/мр 26.jpg;мраморный памятник;;;;;
мр 27;http://pavelrai.ru/wp-content/uploads/catalog_parcer/мр 27.jpg;мраморный памятник;;;;;
мр 28;http://pavelrai.ru/wp-content/uploads/catalog_parcer/мр 28.jpg;мраморный памятник;;;;;
мр 29;http://pavelrai.ru/wp-content/uploads/catalog_parcer/мр 29.jpg;мраморный памятник;;;;;
мр 30;http://pavelrai.ru/wp-content/uploads/catalog_parcer/мр 30.jpg;мраморный памятник;;;;;
мр 31;http://pavelrai.ru/wp-content/uploads/catalog_parcer/мр 31.jpg;мраморный памятник;;;;;
мр 32;http://pavelrai.ru/wp-content/uploads/catalog_parcer/мр 32.jpg;мраморный памятник;;;;;
мр 33;http://pavelrai.ru/wp-content/uploads/catalog_parcer/мр 33.jpg;мраморный памятник;;;;;
мр 34;http://pavelrai.ru/wp-content/uploads/catalog_parcer/мр 34.jpg;мраморный памятник;;;;;
мр 35;http://pavelrai.ru/wp-content/uploads/catalog_parcer/мр 35.jpg;мраморный памятник;;;;;
мр 36;http://pavelrai.ru/wp-content/uploads/catalog_parcer/мр 36.jpg;мраморный памятник;;;;;
мр 37;http://pavelrai.ru/wp-content/uploads/catalog_parcer/мр 37.jpg;мраморный памятник;;;;;
мр 38;http://pavelrai.ru/wp-content/uploads/catalog_parcer/мр 38.jpg;мраморный памятник;;;;;
мр 39;http://pavelrai.ru/wp-content/uploads/catalog_parcer/мр 39.jpg;мраморный памятник;;;;;
мр 40;http://pavelrai.ru/wp-content/uploads/catalog_parcer/мр 40.jpg;мраморный памятник;;;;;
мр 41;http://pavelrai.ru/wp-content/uploads/catalog_parcer/мр 41.jpg;мраморный памятник;;;;;
мр 42;http://pavelrai.ru/wp-content/uploads/catalog_parcer/мр 42.jpg;мраморный памятник;;;;;
мр 43;http://pavelrai.ru/wp-content/uploads/catalog_parcer/мр 43.jpg;мраморный памятник;;;;;
мр 44;http://pavelrai.ru/wp-content/uploads/catalog_parcer/мр 44.jpg;мраморный памятник;;;;;
мр 45;http://pavelrai.ru/wp-content/uploads/catalog_parcer/мр 45.jpg;мраморный памятник;;;;;
мр 46;http://pavelrai.ru/wp-content/uploads/catalog_parcer/мр 46.jpg;мраморный памятник;;;;;
мр 47;http://pavelrai.ru/wp-content/uploads/catalog_parcer/мр 47.jpg;мраморный памятник;;;;;
мр 48;http://pavelrai.ru/wp-content/uploads/catalog_parcer/мр 48.jpg;мраморный памятник;;;;;
мр 49;http://pavelrai.ru/wp-content/uploads/catalog_parcer/мр 49.jpg;мраморный памятник;;;;;
мр 50;http://pavelrai.ru/wp-content/uploads/catalog_parcer/мр 50.jpg;мраморный памятник;;;;;
мр 51;http://pavelrai.ru/wp-content/uploads/catalog_parcer/мр 51.jpg;мраморный памятник;;;;;
мр 52;http://pavelrai.ru/wp-content/uploads/catalog_parcer/мр 52.jpg;мраморный памятник;;;;;
мр 53;http://pavelrai.ru/wp-content/uploads/catalog_parcer/мр 53.jpg;мраморный памятник;;;;;
мр 54;http://pavelrai.ru/wp-content/uploads/catalog_parcer/мр 54.jpg;мраморный памятник;;;;;
мр 55;http://pavelrai.ru/wp-content/uploads/catalog_parcer/мр 55.jpg;мраморный памятник;;;;;
мр 56;http://pavelrai.ru/wp-content/uploads/catalog_parcer/мр 56.jpg;мраморный памятник;;;;;
мр 57;http://pavelrai.ru/wp-content/uploads/catalog_parcer/мр 57.jpg;мраморный памятник;;;;;
мр 58;http://pavelrai.ru/wp-content/uploads/catalog_parcer/мр 58.jpg;мраморный памятник;;;;;
мр 59;http://pavelrai.ru/wp-content/uploads/catalog_parcer/мр 59.jpg;мраморный памятник;;;;;
мр 60;http://pavelrai.ru/wp-content/uploads/catalog_parcer/мр 60.jpg;мраморный памятник;;;;;
мр 61;http://pavelrai.ru/wp-content/uploads/catalog_parcer/мр 61.jpg;мраморный памятник;;;;;
мр 62;http://pavelrai.ru/wp-content/uploads/catalog_parcer/мр 62.jpg;мраморный памятник;;;;;
мр 63;http://pavelrai.ru/wp-content/uploads/catalog_parcer/мр 63.jpg;мраморный памятник;;;;;
мр 64;http://pavelrai.ru/wp-content/uploads/catalog_parcer/мр 64.jpg;мраморный памятник;;;;;
мр 65;http://pavelrai.ru/wp-content/uploads/catalog_parcer/мр 65.jpg;мраморный памятник;;;;;
мр 66;http://pavelrai.ru/wp-content/uploads/catalog_parcer/мр 66.jpg;мраморный памятник;;;;;
мр 67;http://pavelrai.ru/wp-content/uploads/catalog_parcer/мр 67.jpg;мраморный памятник;;;;;
мр 68;http://pavelrai.ru/wp-content/uploads/catalog_parcer/мр 68.jpg;мраморный памятник;;;;;
мр 69;http://pavelrai.ru/wp-content/uploads/catalog_parcer/мр 69.jpg;мраморный памятник;;;;;
мр 70;http://pavelrai.ru/wp-content/uploads/catalog_parcer/мр 70.jpg;мраморный памятник;;;;;
мр 71;http://pavelrai.ru/wp-content/uploads/catalog_parcer/мр 71.jpg;мраморный памятник;;;;;
мр 72;http://pavelrai.ru/wp-content/uploads/catalog_parcer/мр 72.jpg;мраморный памятник;;;;;
мр 73;http://pavelrai.ru/wp-content/uploads/catalog_parcer/мр 73.jpg;мраморный памятник;;;;;
мр 74;http://pavelrai.ru/wp-content/uploads/catalog_parcer/мр 74.jpg;мраморный памятник;;;;;
мр 75;http://pavelrai.ru/wp-content/uploads/catalog_parcer/мр 75.jpg;мраморный памятник;;;;;
мр 76;http://pavelrai.ru/wp-content/uploads/catalog_parcer/мр 76.jpg;мраморный памятник;;;;;
мр 77;http://pavelrai.ru/wp-content/uploads/catalog_parcer/мр 77.jpg;мраморный памятник;;;;;
мр 78;http://pavelrai.ru/wp-content/uploads/catalog_parcer/мр 78.jpg;мраморный памятник;;;;;
мр 79;http://pavelrai.ru/wp-content/uploads/catalog_parcer/мр 79.jpg;мраморный памятник;;;;;
мр 80;http://pavelrai.ru/wp-content/uploads/catalog_parcer/мр 80.jpg;мраморный памятник;;;;;
мр 81;http://pavelrai.ru/wp-content/uploads/catalog_parcer/мр 81.jpg;мраморный памятник;;;;;
мр 82;http://pavelrai.ru/wp-content/uploads/catalog_parcer/мр 82.jpg;мраморный памятник;;;;;
мр 83;http://pavelrai.ru/wp-content/uploads/catalog_parcer/мр 83.jpg;мраморный памятник;;;;;
мр 84;http://pavelrai.ru/wp-content/uploads/catalog_parcer/мр 84.jpg;мраморный памятник;;;;;
мр 85;http://pavelrai.ru/wp-content/uploads/catalog_parcer/мр 85.jpg;мраморный памятник;;;;;
мр 86;http://pavelrai.ru/wp-content/uploads/catalog_parcer/мр 86.jpg;мраморный памятник;;;;;
мр 87;http://pavelrai.ru/wp-content/uploads/catalog_parcer/мр 87.jpg;мраморный памятник;;;;;
мр 88;http://pavelrai.ru/wp-content/uploads/catalog_parcer/мр 88.jpg;мраморный памятник;;;;;
мр 89;http://pavelrai.ru/wp-content/uploads/catalog_parcer/мр 89.jpg;мраморный памятник;;;;;
мр 90;http://pavelrai.ru/wp-content/uploads/catalog_parcer/мр 90.jpg;мраморный памятник;;;;;
