post_title;images 
Ем-10-80;http://pavelrai.ru/wp-content/uploads/2014/catalog_parcer/Ем-10-80.gif
Ем-13-80;http://pavelrai.ru/wp-content/uploads/2014/catalog_parcer/Ем-13-80.gif
Ем-19-80;http://pavelrai.ru/wp-content/uploads/2014/catalog_parcer/Ем-19-80.gif
Ем-20-80;http://pavelrai.ru/wp-content/uploads/2014/catalog_parcer/Ем-20-80.gif
Ем-28-80;http://pavelrai.ru/wp-content/uploads/2014/catalog_parcer/Ем-28-80.gif
Ем-29-80;http://pavelrai.ru/wp-content/uploads/2014/catalog_parcer/Ем-29-80.gif
Ем-42-80;http://pavelrai.ru/wp-content/uploads/2014/catalog_parcer/Ем-42-80.gif
Ем-55-80;http://pavelrai.ru/wp-content/uploads/2014/catalog_parcer/Ем-55-80.gif
МЕ-30-80;http://pavelrai.ru/wp-content/uploads/2014/catalog_parcer/МЕ-30-80.gif
МЕ-38-80;http://pavelrai.ru/wp-content/uploads/2014/catalog_parcer/МЕ-38-80.gif
МЕ-46-80;http://pavelrai.ru/wp-content/uploads/2014/catalog_parcer/МЕ-46-80.gif
МЕ-202-80;http://pavelrai.ru/wp-content/uploads/2014/catalog_parcer/МЕ-202-80.gif
МЕ-225-80;http://pavelrai.ru/wp-content/uploads/2014/catalog_parcer/МЕ-225-80.gif
МЕ-501-80;http://pavelrai.ru/wp-content/uploads/2014/catalog_parcer/МЕ-501-80.gif
МЕ-607-80;http://pavelrai.ru/wp-content/uploads/2014/catalog_parcer/МЕ-607-80.gif
МЕ-608-80;http://pavelrai.ru/wp-content/uploads/2014/catalog_parcer/МЕ-608-80.gif
МЕ-705-80;http://pavelrai.ru/wp-content/uploads/2014/catalog_parcer/МЕ-705-80.gif