post_title;post_content;category;manage_stock
"Ваза ""Дуэт""";Ваза ритуальная “ВАЗАРИТ” предназначена для установки в почву внутри цветников и последующего размещения в ней живых и искусственных цветов.Изделие состоит и двух частей: внешней (рис. 1) и внутренней (рис. 2) колб, не пропускающих воду, ударопрочных и стойких к воздействию низких температур.Температурный диапазон эксплуатации: от -50С? до +110С?. ;vase;no
"Ваза ""Квадро""";Использование в качестве  вазы для размещения в ней живых цветов и искусственных композиций. Температурный диапазон эксплуатации: от -50С? до +110С?. ;vase;no
"Ваза ""Мраморная крошка""";Вазы из бетона и наполнителя мраморная крошка;vase;no
Ваза ММЕ ВЗ-1;Классическая форма вазы;vase;no
Ваза ММЕ ВЗ-2;Классическая форма вазы с удлиненной ножкой;vase;no
Ваза ММЕ ВЗ-3;Узкая форма классической вазы;vase;no
Ваза ММЕ ВЗ-4;Классическая форма вазы с утолщенным верхом;vase;no
Ваза ММЕ ВЗ-8;Форма Сигма;vase;no
Ваза ММЕ ВЗ-1;Классическая форма вазы;vase;no
Ваза ММЕ ВЗ-2;Классическая форма вазы с удлиненной ножкой;vase;no
Ваза ММЕ ВЗ-3;Узкая форма классической вазы;vase;no
Ваза ММЕ ВЗ-4;Классическая форма вазы с утолщенным верхом;vase;no
Ваза ММЕ ВЗ-8;Форма Сигма;vase;no
Ваза ММЕ ВЗ-5;Широкая классическая форма вазы ;vase;no
Ваза ММЕ ВЗ-1;Классическая форма вазы;vase;no
Ваза ММЕ ВЗ-2;Классическая форма вазы с удлиненной ножкой;vase;no
Ваза ММЕ ВЗ-3;Узкая форма классической вазы;vase;no
Ваза ММЕ ВЗ-4;Классическая форма вазы с утолщенным верхом;vase;no
Ваза ММЕ ВЗ-8;Форма Сигма;vase;no
Ваза ММЕ ВЗ-5;Широкая классическая форма вазы ;vase;no
Ваза ММЕ ВЗ-9;Форма вазы  в виде открытого цветка;vase;no
Ваза ММЕ ВЗ-10;Форма вазы  в виде закрытого бутона тюльпана;vase;no
Ваза ММЕ ВЗ-1;Классическая форма вазы;vase;no
Ваза ММЕ ВЗ-2;Классическая форма вазы с удлиненной ножкой;vase;no
Ваза ММЕ ВЗ-3;Узкая форма классической вазы;vase;no
Ваза ММЕ ВЗ-4;Классическая форма вазы с утолщенным верхом;vase;no
Ваза ММЕ ВЗ-8;Форма Сигма;vase;no
Ваза ММЕ ВЗ-5;Широкая классическая форма вазы ;vase;no
Ваза ММЕ ВЗ-9;Форма вазы  в виде открытого цветка;vase;no
Ваза ММЕ ВЗ-10;Форма вазы  в виде закрытого бутона тюльпана;vase;no
Ваза ММЕ ВЗ-1;Классическая форма вазы;vase;no
Ваза ММЕ ВЗ-2;Классическая форма вазы с удлиненной ножкой;vase;no
Ваза ММЕ ВЗ-3;Узкая форма классической вазы;vase;no
Ваза ММЕ ВЗ-4;Классическая форма вазы с утолщенным верхом;vase;no
Ваза ММЕ ВЗ-8;Форма Сигма;vase;no
Ваза ММЕ ВЗ-5;Широкая классическая форма вазы ;vase;no
Ваза ММЕ ВЗ-9;Форма вазы  в виде открытого цветка;vase;no
Ваза ММЕ ВЗ-10;Форма вазы  в виде закрытого бутона тюльпана;vase;no
Ваза ММЕ ВЗ-1;Классическая форма вазы;vase;no
Ваза ММЕ ВЗ-2;Классическая форма вазы с удлиненной ножкой;vase;no
Ваза ММЕ ВЗ-3;Узкая форма классической вазы;vase;no
Ваза ММЕ ВЗ-4;Классическая форма вазы с утолщенным верхом;vase;no
Ваза ММЕ ВЗ-8;Форма Сигма;vase;no
Ваза ММЕ ВЗ-5;Широкая классическая форма вазы ;vase;no
Ваза ММЕ ВЗ-1;Классическая форма вазы;vase;no
Ваза ММЕ ВЗ-2;Классическая форма вазы с удлиненной ножкой;vase;no
Ваза ММЕ ВЗ-3;Узкая форма классической вазы;vase;no
Ваза ММЕ ВЗ-4;Классическая форма вазы с утолщенным верхом;vase;no
Ваза ММЕ ВЗ-8;Форма Сигма;vase;no
Полу-ваза VH - 20;Половинка вазы приклеивается к поверхности памятника и являет собой единое целое с памятником.;vase;no
Полу-ваза VH - 25;Половинка вазы приклеивается к поверхности памятника и являет собой единое целое с памятником.;vase;no
Полу-ваза VH - 30;Половинка вазы приклеивается к поверхности памятника и являет собой единое целое с памятником.;vase;no
Полу-ваза VH - 20;Половинка вазы приклеивается к поверхности памятника и являет собой единое целое с памятником.;vase;no
Полу-ваза VH - 25;Половинка вазы приклеивается к поверхности памятника и являет собой единое целое с памятником.;vase;no
Полу-ваза VH - 30;Половинка вазы приклеивается к поверхности памятника и являет собой единое целое с памятником.;vase;no
Ваза бронза 1030;Индивидуальная  форма вазы. Производство Италия. Бронза;vase;no
Ваза бронза 4021;Индивидуальная  форма вазы. Производство Италия. Бронза;vase;no
Ваза бронза 1110;Индивидуальная  форма вазы. Производство Италия. Бронза;vase;no
Ваза бронза 6452;Индивидуальная  форма вазы. Производство Италия. Бронза;vase;no
Ваза бронза 1155;Индивидуальная  форма вазы. Производство Италия. Бронза;vase;no
Ваза бронза 5043;Индивидуальная  форма вазы. Производство Италия. Бронза;vase;no
Ваза бронза 1227;Индивидуальная  форма вазы. Производство Италия. Бронза;vase;no
Ваза бронза 60010;Индивидуальная  форма вазы. Производство Италия. Бронза;vase;no
Ваза бронза 63140;Индивидуальная  форма вазы. Производство Италия. Бронза;vase;no
Ваза бронза 4225;Индивидуальная  форма вазы. Производство Италия. Бронза;vase;no
Ваза бронза 2240;Индивидуальная  форма вазы. Производство Италия. Бронза;vase;no
Ваза бронза 2183;Индивидуальная  форма вазы. Производство Италия. Бронза;vase;no
Ваза бронза 1270;Индивидуальная  форма вазы. Производство Италия. Бронза;vase;no
Ваза бронза 6892;Индивидуальная  форма вазы. Производство Италия. Бронза;vase;no
Ваза бронза 5974;Индивидуальная  форма вазы. Производство Италия. Бронза;vase;no
Ваза бронза 2244;Индивидуальная  форма вазы. Производство Италия. Бронза;vase;no
