post_title;featured_image;stock_status
Дж 20;http://pavelrai.ru/wp-content/uploads/2014/catalog_parcer/Дж 20.jpg;instock
Дж 41;http://pavelrai.ru/wp-content/uploads/2014/catalog_parcer/Дж 41.jpg;instock
Дж 44;http://pavelrai.ru/wp-content/uploads/2014/catalog_parcer/Дж 44.jpg;instock
Дж 46;http://pavelrai.ru/wp-content/uploads/2014/catalog_parcer/Дж 46.jpg;instock
Дж 47;http://pavelrai.ru/wp-content/uploads/2014/catalog_parcer/Дж 47.jpg;instock
Дж 48;http://pavelrai.ru/wp-content/uploads/2014/catalog_parcer/Дж 48.jpg;instock
Дж 49;http://pavelrai.ru/wp-content/uploads/2014/catalog_parcer/Дж 49.jpg;instock
Дж 51;http://pavelrai.ru/wp-content/uploads/2014/catalog_parcer/Дж 51.jpg;instock
Дж 70;http://pavelrai.ru/wp-content/uploads/2014/catalog_parcer/Дж 70.jpg;instock
Дж мр 85;http://pavelrai.ru/wp-content/uploads/2014/catalog_parcer/Дж мр 85.jpg;instock
Дж мр 86;http://pavelrai.ru/wp-content/uploads/2014/catalog_parcer/Дж мр 86.jpg;instock
Дж 1;http://pavelrai.ru/wp-content/uploads/2014/catalog_parcer/Дж 1.jpg;instock
Дж 2;http://pavelrai.ru/wp-content/uploads/2014/catalog_parcer/Дж 2.jpg;instock
Дж 3;http://pavelrai.ru/wp-content/uploads/2014/catalog_parcer/Дж 3.jpg;instock
Дж 4;http://pavelrai.ru/wp-content/uploads/2014/catalog_parcer/Дж 4.jpg;instock
Дж 5;http://pavelrai.ru/wp-content/uploads/2014/catalog_parcer/Дж 5.jpg;instock
Дж 6;http://pavelrai.ru/wp-content/uploads/2014/catalog_parcer/Дж 6.jpg;instock
Дж 7;http://pavelrai.ru/wp-content/uploads/2014/catalog_parcer/Дж 7.jpg;instock
Дж 8;http://pavelrai.ru/wp-content/uploads/2014/catalog_parcer/Дж 8.jpg;instock
Дж 9;http://pavelrai.ru/wp-content/uploads/2014/catalog_parcer/Дж 9.jpg;instock
Дж 10;http://pavelrai.ru/wp-content/uploads/2014/catalog_parcer/Дж 10.jpg;instock
Дж 11;http://pavelrai.ru/wp-content/uploads/2014/catalog_parcer/Дж 11.jpg;instock
Дж 12;http://pavelrai.ru/wp-content/uploads/2014/catalog_parcer/Дж 12.jpg;instock
Дж 13;http://pavelrai.ru/wp-content/uploads/2014/catalog_parcer/Дж 13.jpg;instock
Дж 14;http://pavelrai.ru/wp-content/uploads/2014/catalog_parcer/Дж 14.jpg;instock
Дж 15;http://pavelrai.ru/wp-content/uploads/2014/catalog_parcer/Дж 15.jpg;instock
Дж 16;http://pavelrai.ru/wp-content/uploads/2014/catalog_parcer/Дж 16.jpg;instock
Дж 17;http://pavelrai.ru/wp-content/uploads/2014/catalog_parcer/Дж 17.jpg;instock
Дж 18;http://pavelrai.ru/wp-content/uploads/2014/catalog_parcer/Дж 18.jpg;instock
Дж 19;http://pavelrai.ru/wp-content/uploads/2014/catalog_parcer/Дж 19.jpg;instock
Дж 21;http://pavelrai.ru/wp-content/uploads/2014/catalog_parcer/Дж 21.jpg;instock
Дж 43;http://pavelrai.ru/wp-content/uploads/2014/catalog_parcer/Дж 43.jpg;instock
Дж 45;http://pavelrai.ru/wp-content/uploads/2014/catalog_parcer/Дж 45.jpg;instock
Дж 52;http://pavelrai.ru/wp-content/uploads/2014/catalog_parcer/Дж 52.jpg;instock
Дж 53;http://pavelrai.ru/wp-content/uploads/2014/catalog_parcer/Дж 53.jpg;instock
Дж 65;http://pavelrai.ru/wp-content/uploads/2014/catalog_parcer/Дж 65.jpg;instock
Дж 66;http://pavelrai.ru/wp-content/uploads/2014/catalog_parcer/Дж 66.jpg;instock
Дж 67;http://pavelrai.ru/wp-content/uploads/2014/catalog_parcer/Дж 67.jpg;instock
Дж 71;http://pavelrai.ru/wp-content/uploads/2014/catalog_parcer/Дж 71.jpg;instock
Дж 72;http://pavelrai.ru/wp-content/uploads/2014/catalog_parcer/Дж 72.jpg;instock
Дж 73;http://pavelrai.ru/wp-content/uploads/2014/catalog_parcer/Дж 73.jpg;instock
Дж 74;http://pavelrai.ru/wp-content/uploads/2014/catalog_parcer/Дж 74.jpg;instock
